Variable,Variable_Role,TRAIN_Mean,VALIDATION_Mean,TRAIN_Median,VALIDATION_Median,TRAIN_STD,VALIDATION_STD,TRAIN_Min,VALIDATION_Min,TRAIN_Max,VALIDATION_Max,Relative_Mean_Diff_Pct,Missing_Pct_Diff,KS_Statistic,PSI
Units Sold,TARGET,136.60979487179486,134.77712328767123,108.0,104.0,109.08651233578247,108.6863648525526,0.0,0.0,499.0,488.0,-1.3415374687031416,0.0,0.013220231822971495,0.0009541318168916957
Year,FEATURE,2022.3760683760684,2023.0,2022.0,2023.0,0.4844016552559349,0.0,2022.0,2023.0,2023.0,2023.0,0.03085141451622523,0.0,0.6239316239316239,0.0
Month,FEATURE,5.637606837606838,8.95890410958904,5.0,9.0,3.2236509982757386,0.7664415789306999,1.0,8.0,12.0,10.0,58.91324754728892,0.0,0.7247863247863249,6.192474173263326
Day,FEATURE,15.545299145299145,15.547945205479452,15.0,15.0,8.825935803663494,8.185145380613507,1.0,1.0,31.0,31.0,0.01702160991290728,0.0,0.05432619131249272,0.04070504745854826
Day_of_Week,FEATURE,3.0,3.0,3.0,3.0,2.0042860790170773,1.9655897209461568,0.0,0.0,6.0,6.0,0.0,0.0,0.013206884439761202,0.0028338374035821005
Is_Weekend,FEATURE,0.28717948717948716,0.273972602739726,0.0,0.0,0.4524499183942105,0.4460256355720104,0.0,0.0,1.0,1.0,-4.598825831702542,0.0,0.013206884439761035,0.0
Units_Sold_Lag_1,FEATURE,136.6097089041096,134.35191780821918,108.0,104.0,109.09412460975034,108.49989782899021,0.0,0.0,499.0,488.0,-1.6527310642871087,-0.17094017094017094,0.01460616438356166,0.0013374113393466295
Units_Sold_Lag_3,FEATURE,136.58864261168384,134.4267123287671,108.0,104.0,109.10374538189686,108.36260427923632,0.0,0.0,499.0,488.0,-1.5828038419438806,-0.5128205128205128,0.013747352068916807,0.0011251315878839615
Units_Sold_Lag_7,FEATURE,136.5731660899654,134.38561643835615,108.0,103.0,109.07246800424822,108.53401784931117,0.0,0.0,499.0,488.0,-1.6017419191763087,-1.1965811965811968,0.017031094468407726,0.0013236401908255243
Units_Sold_Lag_14,FEATURE,136.49733800350262,135.58534246575343,108.0,105.0,109.08606062571477,108.8353934766697,0.0,0.0,499.0,488.0,-0.6681416290519816,-2.3931623931623935,0.01206798934817549,0.0010060789417903819
Units_Sold_Lag_21,FEATURE,136.45432624113477,135.83205479452056,108.0,105.0,109.10560620137345,108.46767925687726,0.0,0.0,499.0,488.0,-0.4560291078749396,-3.5897435897435894,0.009377732439522002,0.000902465488407813
Units_Sold_Lag_30,FEATURE,136.32636036036035,137.1619178082192,107.0,107.0,109.06234007273459,108.79167237540214,0.0,0.0,499.0,488.0,0.6129096717979919,-5.128205128205128,0.008049364432926087,0.0008002594163307701
Units_Sold_Rolling_Mean_7,FEATURE,136.58915719228867,134.27943248532287,134.14285714285714,132.42857142857142,41.15268469425218,40.3840716029556,16.285714285714285,22.285714285714285,315.1428571428572,324.0,-1.6910015073262303,-1.1965811965811968,0.023838697445134338,0.004602065334462628
Units_Sold_Rolling_Std_7,FEATURE,104.18252578418061,103.6078124024836,104.04989645440067,103.80177985279107,32.49707201230258,32.678314750719146,7.081162132225825,13.575187449374916,214.56811550292417,199.90664487872,-0.5516408604717044,-1.1965811965811968,0.010796321751907811,0.0009420222540940827
Units_Sold_Rolling_Mean_14,FEATURE,136.56418814110583,134.68330724070452,135.28571428571428,133.64285714285714,29.174593383747098,29.263496272777537,40.5,41.5,266.35714285714283,264.57142857142856,-1.3772870662533256,-2.3931623931623935,0.026308806947676483,0.005836112488526571
Units_Sold_Rolling_Std_14,FEATURE,106.87886715134862,106.20784234415706,107.42584971339888,107.18185735576392,21.99483577722478,21.978128313075572,24.23737917866766,36.05894137030754,186.23152611381704,168.72334140262265,-0.6278367511524379,-2.3931623931623935,0.015346064342777632,0.0022470697633657235
Units_Sold_Rolling_Mean_30,FEATURE,136.5013015015015,135.49390410958904,135.83333333333334,135.21666666666664,20.153403244714127,20.43600619468795,72.33333333333333,73.7,219.06666666666663,217.06666666666663,-0.7380130305214572,-5.128205128205128,0.0246321115636184,0.009518731437521412
Units_Sold_Rolling_Std_30,FEATURE,108.13795191578211,107.48537058639481,108.42430751223851,107.92055400617693,14.667565699377153,14.123218731076916,48.31049004383905,63.70085439438534,156.46282654980368,147.41724348990158,-0.6034711383248071,-5.128205128205128,0.02485943477724295,0.005233617343193069
Units_Sold_Rolling_Median_7,FEATURE,115.91,113.69410958904109,108.0,105.0,52.97035563174846,52.824615975712966,5.0,10.0,389.0,395.0,-1.9117335958579122,-1.1965811965811968,0.03187088211594058,0.006593904630960706
Units_Sold_Trend_7,FEATURE,0.00781450815620358,-0.0008365949119374367,1.7763568394002505e-15,-0.0714285714285729,20.63046449040102,20.166540676292406,-80.28571428571428,-70.53571428571429,81.60714285714285,81.64285714285714,-110.70566304641069,-1.1965811965811968,0.012888088353794291,0.0025037921564888127
Demand_CV_7,FEATURE,0.7851682168490324,0.793603834419173,0.7697066425691103,0.7718495209463347,0.2104396739926743,0.21703189177719182,0.1039164254205047,0.0965930437440306,2.0230349293939534,2.063215816179267,1.0743707385397918,-1.1965811965811968,0.014686685310707714,0.002917205790677714
Demand_CV_14,FEATURE,0.796230664598662,0.8038895186718827,0.7860378127404404,0.7929379726450331,0.14542010321087834,0.15366993209015506,0.3445561406807024,0.2658373771376016,1.6080218124471863,1.7427582106053068,0.9618888613240211,-2.3931623931623935,0.028253004822109684,0.005527298679402291
Demand_CV_30,FEATURE,0.7991683531981028,0.8013129704260339,0.7948689252040799,0.7950177014561064,0.09650809372588431,0.09893994391336106,0.492550158395409,0.5122016573384787,1.2691706680446655,1.2002637902839055,0.2683561253831973,-5.128205128205128,0.02069850672590401,0.003590072398377183
Inventory_Lag_1,FEATURE,274.5676712328767,273.76904109589043,274.0,271.0,129.8704182210795,130.49455215177235,50.0,50.0,500.0,500.0,-0.2908682341953185,-0.17094017094017094,0.011113013698630103,0.0015560014398055128
Units_Ordered_Lag_1,FEATURE,109.9935102739726,110.2809589041096,110.0,111.0,52.30979780264001,52.12674746729425,20.0,20.0,200.0,200.0,0.2613323544461975,-0.17094017094017094,0.006506849315068508,0.0009397369611572159
Inventory_Demand_Coverage_7,FEATURE,2.154736713434999,2.182323488440349,1.999206657905602,2.0205709077889527,1.2287793776380835,1.2476160104245415,0.2014388489208633,0.2355555555555555,17.791666666666668,14.0,1.2802851890601623,-1.1965811965811968,0.011808313978290852,0.0019637824902766442
Order_Demand_Ratio_7,FEATURE,0.8936565870237813,0.9112610163136275,0.8046665611971411,0.8277544623884403,0.5609997595940892,0.5754315654362396,0.0770925110132158,0.0652985074626865,7.552631578947369,8.166666666666668,1.9699322475175596,-1.1965811965811968,0.02181423899132584,0.0018771548314566744
Price_Lag_1,FEATURE,55.25357585616438,54.54715342465753,55.18,54.175,26.040328260446582,25.932618273366604,10.0,10.01,100.0,99.98,-1.278509889288983,-0.17094017094017094,0.015273972602739716,0.00137602180498197
Discount_Lag_1,FEATURE,10.021575342465754,9.932191780821919,10.0,10.0,7.085126972321401,7.097576380882723,0.0,0.0,20.0,20.0,-0.8919112872911145,-0.17094017094017094,0.007671232876712342,0.0004479921749461518
Competitor_Price_Gap_Lag_1,FEATURE,-0.01686712328767123,0.010579452054794507,-0.0100000000000015,0.0399999999999991,2.889783397867708,2.8742466015222523,-5.0,-4.990000000000009,5.0,5.0,162.72232599691378,-0.17094017094017094,0.009452054794520548,0.0012478565671361652
Promotion_Lag_1,FEATURE,0.4984417808219178,0.4949315068493151,0.0,0.0,0.5000018528032041,0.5000085580516295,0.0,0.0,1.0,1.0,-0.7042495448143165,-0.17094017094017094,0.0035102739726027288,0.0
Store_Product_Expanding_Mean_Lagged,FEATURE,136.7314301429364,136.44643581014682,136.5883607174213,136.17215459987372,12.480733561156939,4.8475164977385345,0.0,126.20061728395062,393.0,151.41307814992027,-0.20843366626945428,-0.17094017094017094,0.13124999999999998,0.9307393746141353
Store_Product_Expanding_Std_Lagged,FEATURE,108.33858456615273,108.99715330859162,108.4719836418951,108.7085525204034,8.70479860657232,3.0591288009272923,0.0,101.7625042381152,328.09754647055803,116.9818634888671,0.6078801426806151,-0.3418803418803419,0.14286284922108133,0.8922721672675071
Store_Product_Lag1_vs_Expanding_Mean,FEATURE,0.9994004861705311,0.985064586302795,0.793575674439872,0.7647145474731321,0.7949276892664163,0.7959022312386996,0.0,0.0,4.796341463414635,3.6772773697777343,-1.4344499593619275,-0.17264957264957265,0.015969500791320534,0.001579046601704964
