Model,Target_Range,Count,Actual_Mean,Prediction_Mean,Residual_Mean_Act_minus_Pred,MAE,RMSE,WAPE
Step 10 Mean Baseline,0–99,3532,47.05294450736127,136.60979487179483,-89.55685036443359,89.55685036443359,93.91551814767595,190.33208506307767
Step 10 Mean Baseline,100–199,1926,144.94911734164072,136.6097948717948,8.339322469845845,24.489217935404856,29.29202108785888,16.895044540136457
Step 10 Mean Baseline,200–299,1092,244.18772893772893,136.60979487179486,107.57793406593409,107.57793406593409,111.45193739028538,44.05542184036933
Step 10 Mean Baseline,300–399,572,341.46153846153845,136.60979487179486,204.85174358974365,204.85174358974365,206.76169364725348,59.992625966809356
Step 10 Mean Baseline,400+,178,430.0056179775281,136.60979487179483,293.3958231057333,293.3958231057333,294.3554222403701,68.23069533037265
"Step 12 HGB-R1 (L2 Regularized, E1)",0–99,3532,47.05294450736127,136.55820379290714,-89.50525928554586,89.50525928554586,93.87126226682797,190.22244032260951
"Step 12 HGB-R1 (L2 Regularized, E1)",100–199,1926,144.94911734164072,136.58954498965082,8.359572351989906,24.51533014583326,29.34491097006629,16.91305928276291
"Step 12 HGB-R1 (L2 Regularized, E1)",200–299,1092,244.18772893772893,136.60818408628919,107.57954485143976,107.57954485143976,111.47477101619104,44.05608149084099
"Step 12 HGB-R1 (L2 Regularized, E1)",300–399,572,341.46153846153845,136.58916390220014,204.87237455933828,204.87237455933828,206.78506560625488,59.99866792681681
"Step 12 HGB-R1 (L2 Regularized, E1)",400+,178,430.0056179775281,136.79865866164224,293.20695931588585,293.20695931588585,294.17221426595637,68.18677409261399
"Step 12 HGB-L1-E1-R2 (L1 Objective, E1)",0–99,3532,47.05294450736127,107.99673645422702,-60.943791946865744,60.943791946865744,67.19580348448363,129.5217389367233
"Step 12 HGB-L1-E1-R2 (L1 Objective, E1)",100–199,1926,144.94911734164072,107.95363269950771,36.99548464213299,37.95256920827235,46.50048565514874,26.18337379648838
"Step 12 HGB-L1-E1-R2 (L1 Objective, E1)",200–299,1092,244.18772893772893,107.97727840563957,136.2104505320894,136.2104505320894,139.30393798369542,55.781038271102
"Step 12 HGB-L1-E1-R2 (L1 Objective, E1)",300–399,572,341.46153846153845,107.9729906219495,233.48854783958896,233.48854783958896,235.15670438544393,68.37916471986159
"Step 12 HGB-L1-E1-R2 (L1 Objective, E1)",400+,178,430.0056179775281,107.95642987297484,322.04918810455325,322.04918810455325,322.92569569724856,74.89418152703841
