Model,Store_ID,Product_ID,Obs_Count,Actual_Mean,Prediction_Mean,Bias_Pred_minus_Act,MAE,RMSE,WAPE,Actual_STD,Prediction_STD,STD_Ratio,Correlation
"Step 12 HGB-R1 (L2 Regularized, E1)",S001,P0001,73,129.84931506849315,137.06525975599283,7.215944687499655,92.7504643851611,111.40428481111184,71.4293058351805,111.8424823918886,1.6893650854418,0.015104860418980844,-0.05001677370277315
"Step 12 HGB-R1 (L2 Regularized, E1)",S001,P0002,73,108.43835616438356,135.85185388336367,27.413497718980093,77.40125099117712,90.43909792412703,71.37811170232352,86.75972348666458,0.7512744530131346,0.008659253658509058,-0.02362266673487522
"Step 12 HGB-R1 (L2 Regularized, E1)",S001,P0003,73,147.3972602739726,136.51445910673684,-10.882801167235742,101.60889538566292,118.44719731943917,68.93540300328432,118.73684017444573,0.9571901986129367,0.008061442406641885,-0.022710683523401595
"Step 12 HGB-R1 (L2 Regularized, E1)",S001,P0004,73,136.06849315068493,137.0536424165365,0.9851492658515615,91.78978889386502,110.98432204660241,67.45851796287272,111.48035810640008,2.535860468620195,0.022747150365267903,-0.09429046800194495
"Step 12 HGB-R1 (L2 Regularized, E1)",S001,P0005,73,123.67123287671232,136.60902276214435,12.937789885432023,86.50947748866989,106.8676655016412,69.95117253736045,106.93651475869542,0.8648044732562856,0.008087083024986702,0.1435921066227662
"Step 12 HGB-R1 (L2 Regularized, E1)",S001,P0006,73,143.34246575342465,136.4225018529865,-6.919963900438155,96.60258519792498,116.63691794822863,67.39285855742091,117.23779481346665,0.883263309112258,0.007533946800326553,0.004414341463660602
"Step 12 HGB-R1 (L2 Regularized, E1)",S001,P0007,73,105.53424657534246,136.28053767214956,30.74629109680708,78.47421818146938,89.69103159839537,74.35900736302264,84.7289931670678,1.0636538269897295,0.012553599272594062,-0.09771359086495997
"Step 12 HGB-R1 (L2 Regularized, E1)",S001,P0008,73,128.93150684931507,136.99173668379,8.060229834474926,94.81518450115999,110.5465484577994,73.53918899898724,111.7249013285066,2.961886714232939,0.026510533274261335,0.2520679514311539
"Step 12 HGB-R1 (L2 Regularized, E1)",S001,P0009,73,148.86301369863014,136.60317989256737,-12.259833806062785,90.8270234642179,109.63379389073269,61.01382822202914,109.54176208547806,1.097436193305335,0.010018427423588269,-0.13939238323423409
"Step 12 HGB-R1 (L2 Regularized, E1)",S001,P0010,73,154.04109589041096,136.29215097215658,-17.748944918254388,102.30442758145333,123.34003203811892,66.4137235522107,122.72953986036899,0.948872809064691,0.007731413400101035,-0.17694077359472055
"Step 12 HGB-R1 (L2 Regularized, E1)",S001,P0011,73,162.24657534246575,136.30721380751376,-25.939361534952027,103.71253695638212,130.3224429564584,63.92278957966814,128.47479009322302,1.4507369985580618,0.011291997422259944,-0.07982276029097016
"Step 12 HGB-R1 (L2 Regularized, E1)",S001,P0012,73,131.986301369863,136.15434892290892,4.16804755304593,76.284931638603,92.5818883460549,57.79761296956947,93.29723902528546,0.7538810037466757,0.008080421367478607,0.22821987449163034
"Step 12 HGB-R1 (L2 Regularized, E1)",S001,P0013,73,134.46575342465752,136.73576594779266,2.270012523135145,88.37023223546521,113.57121196096136,65.7195084880701,114.28802335811493,2.121180823253292,0.018559957210972967,-0.012557863357004703
"Step 12 HGB-R1 (L2 Regularized, E1)",S001,P0014,73,141.67123287671234,136.63458502616263,-5.036647850549707,89.98430087428538,110.91381577200652,63.516282767577195,111.57496916554464,2.0116349832663394,0.018029446911893482,0.013380986866828858
"Step 12 HGB-R1 (L2 Regularized, E1)",S001,P0015,73,141.27397260273972,136.63223500924317,-4.641737593496535,92.87966313976455,113.03404630322942,65.74435575683906,114.02208122820049,1.3565779702919003,0.011897502270432027,0.22811813852369156
"Step 12 HGB-R1 (L2 Regularized, E1)",S001,P0016,73,139.84931506849315,136.644609088445,-3.204705980048156,91.11177791114447,112.6778464842988,65.14996363516062,113.38352702625387,1.137478761086377,0.010032134216666188,-0.01978620695323023
"Step 12 HGB-R1 (L2 Regularized, E1)",S001,P0017,73,142.6986301369863,136.6808696581475,-6.017760478838795,91.6142175782378,112.69768479468284,64.20118924077335,113.06668201300835,2.1354831083485184,0.01888693530515763,-0.10730174712961824
"Step 12 HGB-R1 (L2 Regularized, E1)",S001,P0018,73,155.9041095890411,136.40789785249223,-19.49621173654887,90.66697460662526,111.27125620121389,58.15560272633024,110.29419804217083,1.2561371157696153,0.011388968214713642,-0.005360652540255136
"Step 12 HGB-R1 (L2 Regularized, E1)",S001,P0019,73,137.57534246575344,136.3832472237304,-1.1920952420230295,94.41537788298177,111.88688985258788,68.62812491743175,112.60376915541542,0.6489920951991256,0.005763502412635837,-0.07577951281603992
"Step 12 HGB-R1 (L2 Regularized, E1)",S001,P0020,73,119.87671232876713,137.112898255941,17.236185927173878,94.43332303164092,110.43418557304858,78.77536945845947,109.80196127643717,1.4434844729924463,0.013146254003226164,-0.01680641288451645
"Step 12 HGB-R1 (L2 Regularized, E1)",S002,P0001,73,139.7945205479452,136.89920692849734,-2.895313619447882,85.20601256056655,107.67707284595946,60.95089580520684,108.39484906069998,1.051413445895409,0.009699846948507935,0.01607190275917378
"Step 12 HGB-R1 (L2 Regularized, E1)",S002,P0002,73,115.10958904109589,136.58056465092736,21.470975609831473,79.80519102773376,96.12610110033654,69.3297506250692,94.29542254175844,1.1157185545201218,0.011832160294165173,-0.03938255417670265
"Step 12 HGB-R1 (L2 Regularized, E1)",S002,P0003,73,131.9041095890411,136.46888574709035,4.564776158049252,96.44900807734128,115.89550066294423,73.12054823601531,116.48881257485174,0.8567249325787966,0.007354568337009139,-0.1343470871957862
"Step 12 HGB-R1 (L2 Regularized, E1)",S002,P0004,73,116.15068493150685,136.6398183652038,20.489133433696985,81.45164394911384,94.43459787720501,70.12584040907312,92.9772479984092,1.937573652895216,0.02083922351550314,0.08993919581137644
"Step 12 HGB-R1 (L2 Regularized, E1)",S002,P0005,73,130.97260273972603,136.2546804611238,5.282077721397782,89.21813301778909,103.00369563251282,68.11969156258345,103.60367494055032,0.7228474376648674,0.0069770443768490875,0.036137900234133234
"Step 12 HGB-R1 (L2 Regularized, E1)",S002,P0006,73,118.05479452054794,136.30510561652687,18.250311095978923,85.25739717157671,97.9355541112152,72.21849609567302,96.98924488069095,1.0082167444955896,0.010395139643945304,0.10760076028351312
"Step 12 HGB-R1 (L2 Regularized, E1)",S002,P0007,73,155.63013698630138,136.3114370248872,-19.31869996141419,95.73922523091625,111.218315072292,61.51715026720258,110.22433019999048,0.40925760970224195,0.003712951659217951,-0.14792988353663025
"Step 12 HGB-R1 (L2 Regularized, E1)",S002,P0008,73,131.45205479452054,136.50197094386135,5.049916149340793,87.86916887468362,108.25586384124546,66.84503259537207,108.85043779525728,2.0509934303893975,0.01884230759133209,-0.008108190196897456
"Step 12 HGB-R1 (L2 Regularized, E1)",S002,P0009,73,144.13698630136986,136.70414194694186,-7.432844354428012,96.13852383387851,119.68027346961175,66.69941303814039,120.34029470497555,0.8121740311438912,0.006748978246521706,0.08265594199389437
"Step 12 HGB-R1 (L2 Regularized, E1)",S002,P0010,73,126.98630136986301,136.68244993705542,9.696148567192388,84.31620330645146,108.7375920042071,66.39787315394776,109.34901985420163,1.7147599381910195,0.015681530026308062,0.1796872870798205
"Step 12 HGB-R1 (L2 Regularized, E1)",S002,P0011,73,138.24657534246575,136.6406552221122,-1.6059201203535756,98.07524865128971,119.33965143480101,70.94226269861423,120.07784290269535,1.4910984896551454,0.012417765456225355,-0.04532521887958209
"Step 12 HGB-R1 (L2 Regularized, E1)",S002,P0012,73,141.36986301369862,136.32906047881607,-5.040802534882568,90.26831391371907,109.2273343401029,63.852586392456324,109.8714535326163,0.6304189269772525,0.0057377863558536355,0.011425968123075034
"Step 12 HGB-R1 (L2 Regularized, E1)",S002,P0013,73,128.42465753424656,136.45106372482948,8.026406190582918,82.65398151528525,102.28044271449104,64.35990027323545,102.70980124822819,1.012426636280586,0.009857156999396405,0.04357119766587812
"Step 12 HGB-R1 (L2 Regularized, E1)",S002,P0014,73,137.36986301369862,136.40685993921667,-0.9630030744819705,83.72492261481106,100.80766331376068,60.94853760352221,101.52332885287925,1.9544252914514268,0.01925099692390552,0.02121737718203328
"Step 12 HGB-R1 (L2 Regularized, E1)",S002,P0015,73,136.24657534246575,136.55628101715217,0.30970567468644555,86.71568141582958,108.6458007317979,63.6461365710392,109.66613232163613,0.6935866248995719,0.006324528915320684,0.3903718527453286
"Step 12 HGB-R1 (L2 Regularized, E1)",S002,P0016,73,122.31506849315069,136.89050531580475,14.57543682265405,90.09536425531921,108.39893112898393,73.6584342103069,108.90412153106776,2.40145319313171,0.022051077217005347,0.3206946379520813
"Step 12 HGB-R1 (L2 Regularized, E1)",S002,P0017,73,105.5068493150685,137.0853792901651,31.578529975096576,87.41544649403082,99.73073163243549,82.85286411405154,95.49114608283372,2.8430573270882853,0.029772994080750452,0.09822724214370322
"Step 12 HGB-R1 (L2 Regularized, E1)",S002,P0018,73,135.8904109589041,136.59807305057038,0.7076620916662597,89.21966035226617,110.629340512608,65.65559683180877,111.26901356170744,1.4075254226517164,0.012649751962356822,-0.08157885478531464
"Step 12 HGB-R1 (L2 Regularized, E1)",S002,P0019,73,147.34246575342465,136.51509212015165,-10.827373633273034,91.74608720358098,117.6540073906087,62.267240292501036,117.98119190716635,1.3381860238219878,0.011342367390854478,0.017388779577824746
"Step 12 HGB-R1 (L2 Regularized, E1)",S002,P0020,73,123.71232876712328,136.93618109060242,13.223852323479145,94.0991969577904,114.38524033046723,76.06290973224115,114.41924365294778,1.0905694697844173,0.00953134660715196,0.018217710112342706
"Step 12 HGB-R1 (L2 Regularized, E1)",S003,P0001,73,118.35616438356165,136.77821674257586,18.422052359014213,83.57699273478488,98.10894582519339,70.61482025045481,97.07276335349538,1.9119290263024422,0.019695833931708075,0.03182039667644558
"Step 12 HGB-R1 (L2 Regularized, E1)",S003,P0002,73,139.72602739726028,137.167047526405,-2.558979870855266,88.77097074545829,111.23310341910818,63.53216533743583,111.98663862190246,2.9550245146324934,0.02638729540413714,0.01772456374045531
"Step 12 HGB-R1 (L2 Regularized, E1)",S003,P0003,73,113.0958904109589,136.9007748308313,23.80488441987242,85.31460458460317,100.40738308210787,75.43563632117286,97.91098059852939,2.436364437838221,0.024883464785509613,-0.11449832159895908
"Step 12 HGB-R1 (L2 Regularized, E1)",S003,P0004,73,129.54794520547946,137.16129638171276,7.6133511762333,91.69257033674306,112.02599892917777,70.77886892864802,112.46703728153349,1.2868883429732465,0.011442360126832887,-0.051366608623775546
"Step 12 HGB-R1 (L2 Regularized, E1)",S003,P0005,73,138.0958904109589,136.61783020425625,-1.4780602067026387,84.23113311488794,107.7343173235817,60.994670344081136,108.6063437352689,0.9051111622317227,0.008333870113866989,0.15506010322718988
"Step 12 HGB-R1 (L2 Regularized, E1)",S003,P0006,73,122.04109589041096,136.96868567245352,14.927589782042563,96.50952962036318,118.11768004076241,79.07953375560122,118.39369802534118,1.4543966868395746,0.012284409652685003,0.28906696481256017
"Step 12 HGB-R1 (L2 Regularized, E1)",S003,P0007,73,123.5068493150685,136.3623823348015,12.855533019733034,84.41323312659237,100.99001051837529,68.34700552618948,100.95641569064335,0.8210466986349909,0.008132684713677741,0.11941923244928009
"Step 12 HGB-R1 (L2 Regularized, E1)",S003,P0008,73,120.20547945205479,136.14782631186011,15.942346859805342,85.83308848032804,103.07699321005865,71.40530437679712,102.58532477137014,0.670284498771347,0.006533921886636287,0.06873353225248299
"Step 12 HGB-R1 (L2 Regularized, E1)",S003,P0009,73,151.04109589041096,136.24571727941262,-14.795378610998341,86.44695425052997,111.903711210077,57.234061856418364,111.67766592049196,0.7539344520865268,0.006750986832257799,-0.011581886359136262
"Step 12 HGB-R1 (L2 Regularized, E1)",S003,P0010,73,154.64383561643837,136.48744035577022,-18.156395260668152,99.71648237364839,124.5403745314893,64.48138199376679,124.28264939499509,1.2610192302473031,0.0101463819478094,0.17953527747394168
"Step 12 HGB-R1 (L2 Regularized, E1)",S003,P0011,73,148.23287671232876,136.92704988492238,-11.30582682740642,95.04892576252087,114.97344217135382,64.12135274617894,115.0079128374248,2.8902628493292446,0.02513099123375033,-0.05673454359535719
"Step 12 HGB-R1 (L2 Regularized, E1)",S003,P0012,73,131.93150684931507,136.4489733089273,4.517466459612206,89.08501034407189,107.18148890611789,67.5236813946345,107.80580905384193,0.8288413215350833,0.007688280704067917,-0.022130824726481608
"Step 12 HGB-R1 (L2 Regularized, E1)",S003,P0013,73,133.41095890410958,137.15132427897012,3.740365374860526,82.92655580995807,100.20977681948563,62.158728556596564,100.81636711484101,2.501114575773217,0.024808616372023903,0.005767348987952161
"Step 12 HGB-R1 (L2 Regularized, E1)",S003,P0014,73,156.34246575342465,136.55694432495594,-19.785521428468734,95.52455676441977,116.13097349608906,61.09955878211376,115.10082768044938,1.0222989949570755,0.00888176927619713,-0.11712937475893129
"Step 12 HGB-R1 (L2 Regularized, E1)",S003,P0015,73,152.04109589041096,136.52527439869857,-15.515821491712396,100.16901969816192,119.58668378520372,65.88285825719272,119.3466517656496,1.7648021917988361,0.014787194828592436,-0.0208368243299596
"Step 12 HGB-R1 (L2 Regularized, E1)",S003,P0016,73,120.76712328767124,136.33624306300248,15.569119775331236,78.43395805959233,92.62152688174801,64.94644893772958,91.91459208114306,0.9303645173253834,0.010122054575448139,-0.01739228999134395
"Step 12 HGB-R1 (L2 Regularized, E1)",S003,P0017,73,147.36986301369862,136.67173942865318,-10.69812358504542,78.03310322164559,96.22702634465794,52.95051622216144,96.35531854797105,1.1745230834241398,0.012189499252595971,0.05973068474072979
"Step 12 HGB-R1 (L2 Regularized, E1)",S003,P0018,73,147.4931506849315,136.45931572907213,-11.033834955859371,93.80957611440427,117.58673812764148,63.60266607552254,118.1028416357342,0.8813441464553812,0.0074625143159020675,0.25851243435848553
"Step 12 HGB-R1 (L2 Regularized, E1)",S003,P0019,73,134.54794520547946,137.30907433725352,2.7611291317740405,95.60162000230588,114.67048762011439,71.05394278322468,115.7150524511601,2.9995551138837047,0.025921909469381506,0.10768019496145476
"Step 12 HGB-R1 (L2 Regularized, E1)",S003,P0020,73,139.0,136.46985761810006,-2.530142381899935,87.90474302380079,108.33541857732234,63.24082231928114,108.9785911697033,0.9956043735728302,0.009135779448850264,-0.07260694455317898
"Step 12 HGB-R1 (L2 Regularized, E1)",S004,P0001,73,157.26027397260273,136.2147070559256,-21.045566916677142,97.81941347317063,121.46999818870974,62.20224027475136,120.50392195061309,1.1952416659535192,0.00991869514789214,0.04096622560302122
"Step 12 HGB-R1 (L2 Regularized, E1)",S004,P0002,73,114.65753424657534,136.6191383740938,21.96160412751845,77.97975975094081,95.04266633133805,68.01102104920764,92.9759854266565,1.354390075995876,0.014567095683694345,-0.09207485076725004
"Step 12 HGB-R1 (L2 Regularized, E1)",S004,P0003,73,135.36986301369862,136.4395777004273,1.0697146867286806,90.68233449073973,109.29910545841933,66.98856929593201,110.16042680882822,1.9678318145503066,0.017863327798877095,0.06489836067007257
"Step 12 HGB-R1 (L2 Regularized, E1)",S004,P0004,73,113.54794520547945,136.52522000430065,22.97727479882121,80.8170198027695,99.90422180033956,71.17435692607279,97.92883486036209,1.6935063066458427,0.017293234511169604,0.026338235266645423
"Step 12 HGB-R1 (L2 Regularized, E1)",S004,P0005,73,129.68493150684932,136.65869295396237,6.973761447113062,78.40411061850946,96.20114538406544,60.457379055151485,96.62094848661742,2.0300685246240655,0.02101064579080635,0.014887684682469633
"Step 12 HGB-R1 (L2 Regularized, E1)",S004,P0006,73,146.06849315068493,136.83501694850972,-9.233476202175204,90.05072346507863,112.63996521706963,61.64965594064278,113.24498134172109,1.289321851185071,0.011385244943389524,0.16625209822139803
"Step 12 HGB-R1 (L2 Regularized, E1)",S004,P0007,73,128.67123287671234,136.26966338823382,7.598430511521522,90.5745824206158,108.62461081676307,70.39225504849307,109.17392530505835,0.9694941747810556,0.00888027220851549,0.07198646447688556
"Step 12 HGB-R1 (L2 Regularized, E1)",S004,P0008,73,125.73972602739725,136.39132796524234,10.651601937845117,74.4956053497501,88.55072664911108,59.24587853286586,88.38426635330966,1.527291130480601,0.01728012454587071,-0.07776073738624997
"Step 12 HGB-R1 (L2 Regularized, E1)",S004,P0009,73,124.78082191780823,136.26480362293225,11.483981705124036,83.1881688359248,98.07568942182154,66.66743138678791,97.90134583335275,1.5205266563702058,0.015531213012724459,-0.10659841389573957
"Step 12 HGB-R1 (L2 Regularized, E1)",S004,P0010,73,122.57534246575342,136.473942685433,13.898600219679574,79.54787241049962,95.2932128316006,64.89712434026008,94.81735627103463,1.5140524946758864,0.01596809438925907,-0.06422874622702845
"Step 12 HGB-R1 (L2 Regularized, E1)",S004,P0011,73,139.013698630137,136.77173108436364,-2.241967545773354,86.42695329271682,109.3203636942466,62.17153715380693,110.08449950816632,1.4401205117004436,0.013081955390037562,0.027880244922815368
"Step 12 HGB-R1 (L2 Regularized, E1)",S004,P0012,73,138.53424657534248,136.28129507681444,-2.2529514985280352,81.61590599816354,101.54653020827378,58.913884483990294,102.20283239603339,0.955296649622515,0.009347066291869141,-0.017606532945250112
"Step 12 HGB-R1 (L2 Regularized, E1)",S004,P0013,73,106.56164383561644,136.08297212405068,29.52132828843426,81.70182223982674,92.88227486310011,76.67094772473779,89.116962205945,1.1983143605477404,0.013446535102694522,0.3743040958787027
"Step 12 HGB-R1 (L2 Regularized, E1)",S004,P0014,73,139.6986301369863,136.86467806662574,-2.833952070360555,90.88717257922654,108.51340705938952,65.05945870056419,108.67352802104962,2.8172118496371854,0.02592362556860676,-0.18403699338167642
"Step 12 HGB-R1 (L2 Regularized, E1)",S004,P0015,73,163.0958904109589,136.60138504808842,-26.4945053628705,94.60993757463696,111.7369993665917,58.0087808075634,109.45637948815268,1.9318262753365514,0.017649279871765247,0.08885574247445259
"Step 12 HGB-R1 (L2 Regularized, E1)",S004,P0016,73,145.34246575342465,136.4817159250163,-8.860749828408384,89.35628582364936,109.52121540866263,61.47981965246374,109.89581166547428,1.0522138717224985,0.009574649440921961,-0.015966300478625614
"Step 12 HGB-R1 (L2 Regularized, E1)",S004,P0017,73,143.23287671232876,136.36411111265932,-6.868765599669469,101.47665335172228,122.53998163127845,70.84731919161942,123.07704458634676,0.8129620919384062,0.006605310475813864,-0.14066125597576828
"Step 12 HGB-R1 (L2 Regularized, E1)",S004,P0018,73,143.013698630137,136.52174231852732,-6.491956311609685,86.82347641634016,108.9648122829385,60.70990209188536,109.62581472529949,1.2326781256855441,0.01124441472817685,0.08817926942570745
"Step 12 HGB-R1 (L2 Regularized, E1)",S004,P0019,73,157.7945205479452,136.40256996999875,-21.391950577946456,101.64360318335096,127.32328709021135,64.41516652821096,126.39949442850165,0.9085606739979826,0.007188008766221081,0.02287382764699994
"Step 12 HGB-R1 (L2 Regularized, E1)",S004,P0020,73,134.17808219178082,136.33449412026525,2.1564119284844137,77.19690621060428,97.91528486413266,57.53317155052693,98.58419166514949,1.0804213505010218,0.010959377282016725,0.01954451379226257
"Step 12 HGB-R1 (L2 Regularized, E1)",S005,P0001,73,155.5068493150685,136.1895665320889,-19.317282782979618,106.12653031803185,126.30548746054207,68.24556653643697,125.64059447572305,1.1896854341265632,0.00946895737871123,-0.031216977950514584
"Step 12 HGB-R1 (L2 Regularized, E1)",S005,P0002,73,128.58904109589042,136.80390929024384,8.214868194353427,83.21332346702302,100.85914696917744,64.71260906671652,101.32933594314552,1.6508908613033986,0.01629232882992237,0.07450790988050898
"Step 12 HGB-R1 (L2 Regularized, E1)",S005,P0003,73,158.35616438356163,136.2881416942413,-22.068022689320387,97.37509474256929,125.98034576604255,61.49119304677818,124.72484937553696,1.173320827336575,0.009407273957122977,-0.1368453620031475
"Step 12 HGB-R1 (L2 Regularized, E1)",S005,P0004,73,128.57534246575344,136.9064457933569,8.331103327603484,90.21230404970471,112.93487760761825,70.16298951234225,113.79134386726082,2.2942149529715063,0.020161594678482223,0.17749663817566763
"Step 12 HGB-R1 (L2 Regularized, E1)",S005,P0005,73,114.35616438356165,136.820270130528,22.464105746966336,74.0850832206899,86.27149552387448,64.7845121599229,84.04717092585133,1.7272814114867407,0.020551333167544625,0.11163418221524504
"Step 12 HGB-R1 (L2 Regularized, E1)",S005,P0006,73,145.54794520547946,136.33299532751317,-9.214949877966287,85.9988011944727,105.01422476887042,59.086235173614185,105.5031649203908,0.8788504984797202,0.008330086582169091,0.19753222144387522
"Step 12 HGB-R1 (L2 Regularized, E1)",S005,P0007,73,123.47945205479452,136.83105471356367,13.351602658769137,90.83342628734592,108.82169055385133,73.56157220963226,108.76939285441382,2.197331201242626,0.020201741901636983,0.020325116880031774
"Step 12 HGB-R1 (L2 Regularized, E1)",S005,P0008,73,128.91780821917808,136.76480183798427,7.846993618806187,93.72688594805732,112.53850958586443,72.70282301783215,113.13779128722462,1.2467761727546918,0.011019979783673542,0.08268626763249567
"Step 12 HGB-R1 (L2 Regularized, E1)",S005,P0009,73,128.94520547945206,136.3728289032609,7.427623423808874,81.0472321876027,98.69599158447774,62.85400987671302,99.1457807712908,1.3308508410405346,0.013423171724377635,0.043213258909642824
"Step 12 HGB-R1 (L2 Regularized, E1)",S005,P0010,73,134.43835616438355,136.50297767623886,2.0646215118553166,87.71234816761476,104.04474930309433,65.24354408228936,104.62392788530337,1.5896008114260665,0.015193472884794638,-0.06808478928113372
"Step 12 HGB-R1 (L2 Regularized, E1)",S005,P0011,73,134.82191780821918,136.29292924254935,1.4710114343301877,77.36617908894794,96.41679757298783,57.38397758070717,96.938746763349,1.6661301938115132,0.01718745341198748,-0.07188971254209434
"Step 12 HGB-R1 (L2 Regularized, E1)",S005,P0012,73,133.83561643835617,136.73872160742135,2.903105169065182,90.2077857550765,110.84940069729693,67.40192794391591,111.32971721904741,2.014106530341926,0.018091364827407756,-0.11448732542979884
"Step 12 HGB-R1 (L2 Regularized, E1)",S005,P0013,73,123.6986301369863,136.60721045912825,12.908580322141974,83.89055194692199,98.2077222959694,67.8184971442448,97.96536872956501,1.2420364362135816,0.012678321455026044,-0.04524197930093574
"Step 12 HGB-R1 (L2 Regularized, E1)",S005,P0014,73,127.97260273972603,136.65574753570712,8.683144795981077,103.99255077054167,121.45742296719493,81.26157360575404,121.86866480431799,1.1426958452653768,0.009376453308159075,-0.09719949150893482
"Step 12 HGB-R1 (L2 Regularized, E1)",S005,P0015,73,143.04109589041096,136.75063803453975,-6.290457855871242,89.74303560365544,116.6669737769033,62.73933728277004,117.51328983426188,1.0519502033255252,0.008951755199851627,0.20374177022772177
"Step 12 HGB-R1 (L2 Regularized, E1)",S005,P0016,73,133.53424657534248,136.7087870944807,3.1745405191382456,88.86849373218955,108.17083061250895,66.55108783801639,108.57090389231321,1.8726219570290483,0.017247917166522082,-0.1526615570403633
"Step 12 HGB-R1 (L2 Regularized, E1)",S005,P0017,73,125.47945205479452,136.07109447479624,10.591642420001708,80.5493268268478,98.01896118894336,64.19324081178918,98.05399725392823,1.2894722979544582,0.013150634691772339,-0.04416065409518197
"Step 12 HGB-R1 (L2 Regularized, E1)",S005,P0018,73,142.54794520547946,136.89682351453496,-5.6511216909445094,92.7499055399887,110.22587064481668,65.06576114183332,111.12368498108194,2.1568874600156636,0.01940979063448858,0.13980078708678859
"Step 12 HGB-R1 (L2 Regularized, E1)",S005,P0019,73,138.43835616438355,136.73994212673975,-1.698414037643844,93.23993714951922,115.91467000659567,67.35123106980905,116.75579765540195,2.0447476584614734,0.017513028898971075,0.033922791484751115
"Step 12 HGB-R1 (L2 Regularized, E1)",S005,P0020,73,137.1095890410959,136.72171404644814,-0.3878749946477218,95.60059854373193,117.06235162235174,69.72568382148498,117.96922405203773,1.9730706489838004,0.016725299880869383,0.057701747413955264
"Step 12 HGB-L1-E1-R2 (L1 Objective, E1)",S001,P0001,73,129.84931506849315,108.39849977494636,-21.450815293546775,85.692389152242,113.15382452901657,65.99371672237226,111.8424823918886,1.3728627852222504,0.012274967041699152,-0.014538140703982863
"Step 12 HGB-L1-E1-R2 (L1 Objective, E1)",S001,P0002,73,108.43835616438356,107.11550215497634,-1.322854009407219,66.99000449833176,86.17416278697914,61.77703800376728,86.75972348666458,0.9844655722392348,0.011347034461106279,0.005081304389276176
"Step 12 HGB-L1-E1-R2 (L1 Objective, E1)",S001,P0003,73,147.3972602739726,108.21609662325545,-39.18116365071715,99.27359142022249,124.31527313960154,67.35104250628477,118.73684017444573,1.6599007312611975,0.013979660641318274,-0.028545710171703757
"Step 12 HGB-L1-E1-R2 (L1 Objective, E1)",S001,P0004,73,136.06849315068493,108.50571621389115,-27.562776936793778,87.38572570005395,114.09025639698704,64.22186626501498,111.48035810640008,1.29604875231906,0.011625803633336679,0.008428651223017235
"Step 12 HGB-L1-E1-R2 (L1 Objective, E1)",S001,P0005,73,123.67123287671232,108.15639604341277,-15.51483683329956,81.19458360317843,107.46329106844175,65.65357336101047,106.93651475869542,1.136586455565879,0.010628609489757647,-0.11514245376537918
"Step 12 HGB-L1-E1-R2 (L1 Objective, E1)",S001,P0006,73,143.34246575342465,108.05357108306389,-35.28889467036078,95.32998445004962,121.73285779170608,66.50505413659808,117.23779481346665,1.1757233961845621,0.010028535576391712,-0.058117353377680446
"Step 12 HGB-L1-E1-R2 (L1 Objective, E1)",S001,P0007,73,105.53424657534246,107.77725262699046,2.2430060516480013,70.52546146355112,84.07517954130152,66.82708575855702,84.7289931670678,1.1970158917411982,0.014127583097570083,0.09231122938326555
"Step 12 HGB-L1-E1-R2 (L1 Objective, E1)",S001,P0008,73,128.93150684931507,107.9632863701465,-20.96822047916856,89.90813275651558,112.87649197975979,69.73325213796895,111.7249013285066,1.021825694517643,0.00914590822965376,0.049088654176754974
"Step 12 HGB-L1-E1-R2 (L1 Objective, E1)",S001,P0009,73,148.86301369863014,107.97468689161482,-40.88832680701531,89.77609113915304,116.24605011593106,60.30785546294444,109.54176208547806,1.251882348001185,0.011428356858312278,-0.017451598750772627
"Step 12 HGB-L1-E1-R2 (L1 Objective, E1)",S001,P0010,73,154.04109589041096,108.28233533139971,-45.75876055901125,101.82542562004451,130.33624743678143,66.10276629847264,122.72953986036899,1.1697078413194222,0.009530776719689606,-0.12755020641171022
"Step 12 HGB-L1-E1-R2 (L1 Objective, E1)",S001,P0011,73,162.24657534246575,108.04674578543438,-54.199829557031364,106.09317326535219,138.57959338417632,65.39008483933392,128.47479009322302,1.1004446518967474,0.008565452032248896,0.05083607827615699
"Step 12 HGB-L1-E1-R2 (L1 Objective, E1)",S001,P0012,73,131.986301369863,107.33230157123276,-24.653999798630252,71.96336981694765,96.05501993916688,54.52336270510823,93.29723902528546,1.1772354995608372,0.012618117233263271,-0.14882289859714787
"Step 12 HGB-L1-E1-R2 (L1 Objective, E1)",S001,P0013,73,134.46575342465752,108.20584027548148,-26.259913149176057,85.0268055665332,116.47828012611203,63.233056299479664,114.28802335811493,1.058627062243017,0.009262799645470025,0.02649271945358625
"Step 12 HGB-L1-E1-R2 (L1 Objective, E1)",S001,P0014,73,141.67123287671234,108.11899719468096,-33.55223568203136,87.36286344937298,115.86630472354165,61.665915991145106,111.57496916554464,1.612622106473054,0.014453260606152568,-0.0514000582440378
"Step 12 HGB-L1-E1-R2 (L1 Objective, E1)",S001,P0015,73,141.27397260273972,107.81648537025353,-33.4574872324862,92.707996916058,117.93877310428927,65.62284277002068,114.02208122820049,1.4039766474445041,0.012313199621699817,0.10998710466810586
"Step 12 HGB-L1-E1-R2 (L1 Objective, E1)",S001,P0016,73,139.84931506849315,107.87115568842026,-31.978159380072885,89.77894586663245,117.1366811090102,64.19691495997814,113.38352702625387,1.5196359377997577,0.013402616567465634,-0.04826577278767635
"Step 12 HGB-L1-E1-R2 (L1 Objective, E1)",S001,P0017,73,142.6986301369863,108.01840846961674,-34.680221667369544,90.16751759663325,117.59606873320439,63.18737433574183,113.06668201300835,1.230523371733169,0.010883165136053051,-0.05711006064705998
"Step 12 HGB-L1-E1-R2 (L1 Objective, E1)",S001,P0018,73,155.9041095890411,107.770029356282,-48.1340802327591,92.7183005244762,119.72536928766974,59.471364012712094,110.29419804217083,0.9974768501627823,0.009043783515986928,-0.08351463891283856
"Step 12 HGB-L1-E1-R2 (L1 Objective, E1)",S001,P0019,73,137.57534246575344,108.07337851381624,-29.501963951937185,92.23754559945567,115.75815165138613,67.04511429612928,112.60376915541542,1.0378985082830763,0.009217262584261914,-0.09805544950837945
"Step 12 HGB-L1-E1-R2 (L1 Objective, E1)",S001,P0020,73,119.87671232876713,108.21211418009942,-11.66459814866771,86.74809018372105,109.7615108263696,72.36442216217159,109.80196127643717,1.724016499083618,0.01570114485244246,-0.04627920312443763
"Step 12 HGB-L1-E1-R2 (L1 Objective, E1)",S002,P0001,73,139.7945205479452,108.2796987720033,-31.51482177594189,79.70228088980137,112.1891038910976,57.01388049931896,108.39484906069998,1.5068873161593883,0.013901835089189036,-0.0076951945592339125
"Step 12 HGB-L1-E1-R2 (L1 Objective, E1)",S002,P0002,73,115.10958904109589,108.0334539896831,-7.076135051412784,71.79062612311876,94.029616455415,62.36719870269748,94.29542254175844,1.078724448847706,0.01143983896323277,-0.1022960133286988
"Step 12 HGB-L1-E1-R2 (L1 Objective, E1)",S002,P0003,73,131.9041095890411,108.29502222116855,-23.609087367872544,90.35803497695598,118.40238133769799,68.50282016115678,116.48881257485174,1.562951956563295,0.013417185067098143,-0.21040993581953735
"Step 12 HGB-L1-E1-R2 (L1 Objective, E1)",S002,P0004,73,116.15068493150685,107.63321365160519,-8.51747127990165,74.2710884471371,92.77539555676316,63.943736957671995,92.9772479984092,1.643940265552451,0.017681102645462018,-0.018951344324754975
"Step 12 HGB-L1-E1-R2 (L1 Objective, E1)",S002,P0005,73,130.97260273972603,107.79905438699689,-23.173548352729135,84.46961007093365,105.43901052669153,64.4941066329689,103.60367494055032,0.8230208911414496,0.007943935305516084,0.041502218794201885
"Step 12 HGB-L1-E1-R2 (L1 Objective, E1)",S002,P0006,73,118.05479452054794,107.47211706641683,-10.58267745413111,76.2203798430586,96.98086383757717,64.56356148228448,96.98924488069095,1.2417674951482636,0.01280314633520237,-0.05775921667294088
"Step 12 HGB-L1-E1-R2 (L1 Objective, E1)",S002,P0007,73,155.63013698630138,107.7889933704087,-47.84114361589266,98.31670561567032,119.42398401655886,63.17330789493823,110.22433019999048,1.0771890955091206,0.00977269803821601,0.04613042092790053
"Step 12 HGB-L1-E1-R2 (L1 Objective, E1)",S002,P0008,73,131.45205479452054,107.70478552286482,-23.74726927165572,85.38749612795472,110.59479777915371,64.95714065590552,108.85043779525728,1.0479174618560203,0.009627131347207857,0.08851842688753798
"Step 12 HGB-L1-E1-R2 (L1 Objective, E1)",S002,P0009,73,144.13698630136986,108.18774043670793,-35.949245864661926,94.98035507474756,124.83567912295634,65.89589356069732,120.34029470497555,1.4977223505142547,0.012445726131766989,-0.01682020754656397
"Step 12 HGB-L1-E1-R2 (L1 Objective, E1)",S002,P0010,73,126.98630136986301,108.08688093676145,-18.899420433101568,80.7667272835436,110.26801452768316,63.60270864831373,109.34901985420163,1.3397328952963152,0.01225189669813796,-0.023066617069299543
"Step 12 HGB-L1-E1-R2 (L1 Objective, E1)",S002,P0011,73,138.24657534246575,108.24625761479012,-30.00031772767563,93.26089583603718,122.816887289553,67.45982358334041,120.07784290269535,1.1235587146060881,0.009356919540239908,0.14447087901888692
"Step 12 HGB-L1-E1-R2 (L1 Objective, E1)",S002,P0012,73,141.36986301369862,107.99796923150673,-33.3718937821919,87.9106671612464,113.9695721148849,62.18487115088165,109.8714535326163,1.5942782169418832,0.014510395245372882,0.09694284722843025
"Step 12 HGB-L1-E1-R2 (L1 Objective, E1)",S002,P0013,73,128.42465753424656,108.2120498802546,-20.212607653991977,77.57385955106771,104.06019669368831,60.40417863709806,102.70980124822819,1.093713741827992,0.010648582010052905,-0.06319226261841611
"Step 12 HGB-L1-E1-R2 (L1 Objective, E1)",S002,P0014,73,137.36986301369862,107.81133294993032,-29.558530063768302,85.52329428150694,105.27481220004583,62.25768331222583,101.52332885287925,1.59258432049223,0.015686880429227217,-0.127871060794186
"Step 12 HGB-L1-E1-R2 (L1 Objective, E1)",S002,P0015,73,136.24657534246575,107.90983902532095,-28.336736317144805,84.35192958409822,112.61982523030768,61.91122923425668,109.66613232163613,0.8787805248570955,0.008013235319357753,-0.09248030726477399
"Step 12 HGB-L1-E1-R2 (L1 Objective, E1)",S002,P0016,73,122.31506849315069,108.21793906946694,-14.09712942368376,84.33881261635022,108.9742838451384,68.95210349416023,108.90412153106776,1.34819223977918,0.012379625498329489,0.07861101123982896
"Step 12 HGB-L1-E1-R2 (L1 Objective, E1)",S002,P0017,73,105.5068493150685,108.35445755160521,2.847608236536699,76.58064789395945,94.65252358336937,72.58357954114567,95.49114608283372,1.365511733937742,0.014299877946309597,0.17298661428481066
"Step 12 HGB-L1-E1-R2 (L1 Objective, E1)",S002,P0018,73,135.8904109589041,108.40790108525246,-27.482509873651654,89.6910070657851,113.97018116231396,66.00245479639429,111.26901356170744,1.2289490316470317,0.011044845211694833,-0.07870776413054298
"Step 12 HGB-L1-E1-R2 (L1 Objective, E1)",S002,P0019,73,147.34246575342465,108.27153787800717,-39.07092787541749,89.72298291302586,123.60868106918912,60.89417769292383,117.98119190716635,1.6847796573063438,0.014280069815127947,-0.053267987166070604
"Step 12 HGB-L1-E1-R2 (L1 Objective, E1)",S002,P0020,73,123.71232876712328,108.53606388405382,-15.17626488306947,87.10513750054037,114.62034858906361,70.40942351389046,114.41924365294778,1.7591068158281287,0.015374221675191162,0.02007588174064754
"Step 12 HGB-L1-E1-R2 (L1 Objective, E1)",S003,P0001,73,118.35616438356165,108.30348232942518,-10.052682054136458,77.5561579463398,96.77425705607331,65.52777233892135,97.07276335349538,2.0143695922883698,0.02075113062304553,0.08772919433655306
"Step 12 HGB-L1-E1-R2 (L1 Objective, E1)",S003,P0002,73,139.72602739726028,108.41547832594166,-31.310549071318608,88.06463527622736,115.4440371989163,63.02665073690782,111.98663862190246,1.2892964747882811,0.011512949139774601,0.08383376957295835
"Step 12 HGB-L1-E1-R2 (L1 Objective, E1)",S003,P0003,73,113.0958904109589,108.01284258824903,-5.083047822709876,75.62257605717943,97.44628870614089,66.86589210482194,97.91098059852939,0.990056423150999,0.010111801731519677,-0.07184246832388412
"Step 12 HGB-L1-E1-R2 (L1 Objective, E1)",S003,P0004,73,129.54794520547946,108.21686076504696,-21.331084440432473,86.75426283853852,113.98503252387344,66.9669153771102,112.46703728153349,1.366489972119292,0.012150137543844258,-0.19846968206178817
"Step 12 HGB-L1-E1-R2 (L1 Objective, E1)",S003,P0005,73,138.0958904109589,108.11965765224731,-29.976232758711582,84.26824560784416,111.8301008230338,61.021544781000145,108.6063437352689,1.635098864519617,0.01505527953786215,0.08278052941347776
"Step 12 HGB-L1-E1-R2 (L1 Objective, E1)",S003,P0006,73,122.04109589041096,108.61694682856367,-13.42414906184729,89.1639975498632,118.52819979977293,73.06063330497264,118.39369802534118,1.577893211357053,0.013327510143481776,-0.11185029127590017
"Step 12 HGB-L1-E1-R2 (L1 Objective, E1)",S003,P0007,73,123.5068493150685,108.03271140370815,-15.474137911360343,80.92138869318373,101.49973407328542,65.51975792593625,100.95641569064335,1.009989675045279,0.010004214869713177,-0.04555242637225974
"Step 12 HGB-L1-E1-R2 (L1 Objective, E1)",S003,P0008,73,120.20547945205479,107.58838134579398,-12.617098106260812,80.91774485810964,102.53165702775166,67.31618660560689,102.58532477137014,0.8875766699798491,0.008652082273541303,0.1492977735244046
"Step 12 HGB-L1-E1-R2 (L1 Objective, E1)",S003,P0009,73,151.04109589041096,107.66467305406132,-43.37642283634965,88.83074156742597,118.96894744758143,58.812299423381965,111.67766592049196,1.25643880742435,0.011250582621585785,0.11024219648442117
"Step 12 HGB-L1-E1-R2 (L1 Objective, E1)",S003,P0010,73,154.64383561643837,107.97259830485862,-46.67123731157974,100.0853507027714,131.91255083507875,64.7199096580947,124.28264939499509,1.260610351740778,0.010143092039616138,0.04347548850333002
"Step 12 HGB-L1-E1-R2 (L1 Objective, E1)",S003,P0011,73,148.23287671232876,108.5444355171874,-39.68844119514138,93.97197455548384,120.90289765010786,63.39482619490177,115.0079128374248,1.231460776387002,0.010707617815200203,0.017138690309806852
"Step 12 HGB-L1-E1-R2 (L1 Objective, E1)",S003,P0012,73,131.93150684931507,107.56965419890828,-24.36185265040679,87.37800395774681,110.10786532692273,66.22982337156596,107.80580905384193,0.8514276797013055,0.007897790361891104,-0.36805668402536856
"Step 12 HGB-L1-E1-R2 (L1 Objective, E1)",S003,P0013,73,133.41095890410958,107.92197305550609,-25.488985848603495,81.33131621237062,103.35720083727334,60.96299500465198,100.81636711484101,1.790099422185686,0.017756039752420006,-0.014478108668286468
"Step 12 HGB-L1-E1-R2 (L1 Objective, E1)",S003,P0014,73,156.34246575342465,108.0266639230628,-48.31580183036184,96.39412851343842,124.08339300830963,61.65575555490235,115.10082768044938,0.9009784249726277,0.007827731938418238,0.02565076149172385
"Step 12 HGB-L1-E1-R2 (L1 Objective, E1)",S003,P0015,73,152.04109589041096,107.9889290813462,-44.05216680906476,100.4665827138879,126.4835395862826,66.07857048485283,119.3466517656496,1.0294968884017197,0.008626106163608604,-0.03276788540957481
"Step 12 HGB-L1-E1-R2 (L1 Objective, E1)",S003,P0016,73,120.76712328767124,107.41209037436846,-13.355032913302766,73.15518622947096,92.4152615396864,60.5754150947298,91.91459208114306,1.0619125772883193,0.011553253441530296,-0.14827971596677397
"Step 12 HGB-L1-E1-R2 (L1 Objective, E1)",S003,P0017,73,147.36986301369862,106.98113706925288,-40.388725944445746,81.05853537907515,103.74681269022972,55.003467955684016,96.35531854797105,1.7148744185952827,0.017797402825683387,0.08563686252028692
"Step 12 HGB-L1-E1-R2 (L1 Objective, E1)",S003,P0018,73,147.4931506849315,107.69392554239072,-39.79922514254078,90.96939112235806,123.89465883612716,61.67702750935394,118.1028416357342,0.6412845068927758,0.005429882109616771,-0.05551334800699532
"Step 12 HGB-L1-E1-R2 (L1 Objective, E1)",S003,P0019,73,134.54794520547946,108.27097878671864,-26.276966418760818,92.36156657442545,117.78024271679729,68.64583954319953,115.7150524511601,1.2592189561906975,0.010882067021679626,0.09187090612755335
"Step 12 HGB-L1-E1-R2 (L1 Objective, E1)",S003,P0020,73,139.0,108.27535589775243,-30.72464410224755,85.45001142592184,112.61188141368422,61.47482836397254,108.9785911697033,1.1341555808777402,0.010407141152261861,-0.09236477523453815
"Step 12 HGB-L1-E1-R2 (L1 Objective, E1)",S004,P0001,73,157.26027397260273,107.77938056684492,-49.480893405757826,103.32275445096674,129.78880108886867,65.70175152369838,120.50392195061309,1.847509280612832,0.015331528225031619,-0.16197298310842478
"Step 12 HGB-L1-E1-R2 (L1 Objective, E1)",S004,P0002,73,114.65753424657534,108.32073810563988,-6.336796140935473,73.0200979187777,92.64625819266685,63.685390060582705,92.9759854266565,1.7858620689945108,0.01920777780197099,-0.04247773136164489
"Step 12 HGB-L1-E1-R2 (L1 Objective, E1)",S004,P0003,73,135.36986301369862,108.02714976815058,-27.342713245548058,87.77672318666377,112.89916367798664,64.84214524009771,110.16042680882822,1.558850129523242,0.01415072703220787,-0.08005517893800884
"Step 12 HGB-L1-E1-R2 (L1 Objective, E1)",S004,P0004,73,113.54794520547945,108.06641095657095,-5.481534248908503,72.49985341330499,97.19736128975053,63.84955120245222,97.92883486036209,1.754374902597345,0.017914793994015445,0.13113542218557367
"Step 12 HGB-L1-E1-R2 (L1 Objective, E1)",S004,P0005,73,129.68493150684932,107.80992502751486,-21.875006479334445,77.89911211938877,98.46580078829706,60.06797490984874,96.62094848661742,1.412593932329272,0.014619955138661515,-0.02714110124873174
"Step 12 HGB-L1-E1-R2 (L1 Objective, E1)",S004,P0006,73,146.06849315068493,108.30379430710605,-37.764698843578884,89.01726365015716,118.619501960102,60.94213867074437,113.24498134172109,1.8796162390027056,0.01659778841175214,0.01862313187493481
"Step 12 HGB-L1-E1-R2 (L1 Objective, E1)",S004,P0007,73,128.67123287671234,108.00446580753415,-20.666767069178192,87.84122189550074,110.47064492737522,68.26795697191051,109.17392530505835,0.9692866791983875,0.008878371611994038,-0.09604537907161746
"Step 12 HGB-L1-E1-R2 (L1 Objective, E1)",S004,P0008,73,125.73972602739725,107.70995958370065,-18.0297664436966,71.06896292530595,89.77015702605088,56.52069172619386,88.38426635330966,1.6114400747908089,0.01823220513421693,-0.09353831771661163
"Step 12 HGB-L1-E1-R2 (L1 Objective, E1)",S004,P0009,73,124.78082191780823,107.44680698251808,-17.33401493529014,79.27199461963629,98.63715723103911,63.5289889914749,97.90134583335275,1.4456076342424609,0.01476596283674351,0.09534136286157348
"Step 12 HGB-L1-E1-R2 (L1 Objective, E1)",S004,P0010,73,122.57534246575342,107.44127333354011,-15.134069132213295,74.53531349500257,95.21463801865514,60.80775463941873,94.81735627103463,1.1538529841842065,0.012169217003751162,0.14689429729409487
"Step 12 HGB-L1-E1-R2 (L1 Objective, E1)",S004,P0011,73,139.013698630137,107.88818459450972,-31.125514035627244,85.67010065795601,113.59168318342219,61.627092511142976,110.08449950816632,1.2124941315182376,0.011014213053930378,0.07507116702017964
"Step 12 HGB-L1-E1-R2 (L1 Objective, E1)",S004,P0012,73,138.53424657534248,107.40465420353156,-31.129592371810908,81.02910165291053,105.96495687482238,58.490303773978724,102.20283239603339,1.9287352300530258,0.01887164166428603,0.11953261255143922
"Step 12 HGB-L1-E1-R2 (L1 Objective, E1)",S004,P0013,73,106.56164383561644,107.42172634670366,0.8600825110872173,71.52790433261043,88.54600999095292,67.12349937370564,89.116962205945,1.271110304559185,0.014263393557129005,-0.02247393687303375
"Step 12 HGB-L1-E1-R2 (L1 Objective, E1)",S004,P0014,73,139.6986301369863,107.84309242482864,-31.855537712157656,88.45158014227752,112.54507430172332,63.315996767858984,108.67352802104962,0.7965613400754197,0.007329856263809977,-0.016613492993478654
"Step 12 HGB-L1-E1-R2 (L1 Objective, E1)",S004,P0015,73,163.0958904109589,107.68799541568909,-55.407894995269814,98.09546399166078,122.0987257218242,60.14588334781822,109.45637948815268,1.173794167028741,0.010723853397286816,-0.07940872015632229
"Step 12 HGB-L1-E1-R2 (L1 Objective, E1)",S004,P0016,73,145.34246575342465,107.95343627285946,-37.389029480565185,92.07831731819411,115.36133276625598,63.35265941779613,109.89581166547428,1.2769791478743682,0.011619907333334286,0.010694883352375216
"Step 12 HGB-L1-E1-R2 (L1 Objective, E1)",S004,P0017,73,143.23287671232876,108.17665940385263,-35.056217308476135,96.58833522869558,127.25433296868356,67.43447275913138,123.07704458634676,1.0993721538729788,0.008932389931590337,-0.08648004469143354
"Step 12 HGB-L1-E1-R2 (L1 Objective, E1)",S004,P0018,73,143.013698630137,107.97712087597378,-35.03657775416321,84.37712252094245,114.3572692573639,58.9993289657931,109.62581472529949,1.0104937332413146,0.00921766224290703,0.01910809484228533
"Step 12 HGB-L1-E1-R2 (L1 Objective, E1)",S004,P0019,73,157.7945205479452,108.07977604003626,-49.71474450790894,101.96762832728982,135.01559194784258,64.62051278663215,126.39949442850165,1.0046689322864437,0.007948361952149567,0.005240564732258228
"Step 12 HGB-L1-E1-R2 (L1 Objective, E1)",S004,P0020,73,134.17808219178082,107.83419288383978,-26.34388930794104,76.42700923380737,101.37319393817481,56.95938411503765,98.58419166514949,0.9265303417096571,0.009398366270088259,0.022370775898987352
"Step 12 HGB-L1-E1-R2 (L1 Objective, E1)",S005,P0001,73,155.5068493150685,107.79815619997846,-47.70869311509001,105.92865625515691,133.95809621465364,68.11832193997934,125.64059447572305,1.2988003714449579,0.010337426186692542,-0.3034232265920494
"Step 12 HGB-L1-E1-R2 (L1 Objective, E1)",S005,P0002,73,128.58904109589042,107.7818042766159,-20.80723681927451,80.06307115266922,102.53760696971715,62.26274841956805,101.32933594314552,1.4255324041556785,0.014068308954037998,0.16833905089498152
"Step 12 HGB-L1-E1-R2 (L1 Objective, E1)",S005,P0003,73,158.35616438356163,107.85150009445621,-50.50466428910542,96.29591879649412,133.75478181621082,60.8097065064366,124.72484937553696,1.177217398876888,0.009438515298041183,0.017037126857984326
"Step 12 HGB-L1-E1-R2 (L1 Objective, E1)",S005,P0004,73,128.57534246575344,107.9690089944027,-20.606333471350716,86.42452684038516,114.89187305174357,67.21703025088553,113.79134386726082,0.9645821133385871,0.008476761769012813,-0.01621228015721709
"Step 12 HGB-L1-E1-R2 (L1 Objective, E1)",S005,P0005,73,114.35616438356165,107.69874140888258,-6.6574229746790525,70.16254213323325,83.78666521640571,61.35440315915221,84.04717092585133,1.4310195517906288,0.017026385731092754,-0.028254467927810972
"Step 12 HGB-L1-E1-R2 (L1 Objective, E1)",S005,P0006,73,145.54794520547946,107.99978524572975,-37.548159959749675,85.26878684203137,111.47722262453135,58.58467237146626,105.5031649203908,1.7791565283946813,0.01686353702978649,-0.09653838381156717
"Step 12 HGB-L1-E1-R2 (L1 Objective, E1)",S005,P0007,73,123.47945205479452,108.30933451153135,-15.170117543263173,87.2699494573474,109.14681788898288,70.67568571540225,108.76939285441382,1.0137963243682757,0.009320602954226532,-0.060529694272832904
"Step 12 HGB-L1-E1-R2 (L1 Objective, E1)",S005,P0008,73,128.91780821917808,108.41982998572334,-20.497978233454738,87.95430195840156,114.34556295619282,68.22509874575829,113.13779128722462,1.6737914369007139,0.014794273583187021,-0.07271395592721923
"Step 12 HGB-L1-E1-R2 (L1 Objective, E1)",S005,P0009,73,128.94520547945206,107.82996801269253,-21.115237466759528,78.92766233970316,100.71056359912802,61.21023425898577,99.1457807712908,0.8360300888491138,0.00843233148546851,-0.005168722538860052
"Step 12 HGB-L1-E1-R2 (L1 Objective, E1)",S005,P0010,73,134.43835616438355,108.07965544912233,-26.358700715261243,83.95534524603292,107.24161884486786,62.44895254697781,104.62392788530337,1.0332156744994385,0.009875519829767119,-0.04085601459856253
"Step 12 HGB-L1-E1-R2 (L1 Objective, E1)",S005,P0011,73,134.82191780821918,107.37389957861717,-27.448018229601995,75.31147659889433,100.22717193461895,55.85996537003949,96.938746763349,0.9956489166801292,0.010270907659975735,-0.11934268467439421
"Step 12 HGB-L1-E1-R2 (L1 Objective, E1)",S005,P0012,73,133.83561643835617,108.20735609012723,-25.62826034822892,86.07609263495385,113.39550084022083,64.31478774157247,111.32971721904741,1.1232854550268454,0.010089718029344481,0.09742639417876904
"Step 12 HGB-L1-E1-R2 (L1 Objective, E1)",S005,P0013,73,123.6986301369863,108.00692306878199,-15.691707068204304,80.68939656865997,98.46544085445777,65.23063067012379,97.96536872956501,2.1146430393427336,0.0215856181298132,0.05124675609555459
"Step 12 HGB-L1-E1-R2 (L1 Objective, E1)",S005,P0014,73,127.97260273972603,108.30447157904527,-19.668131160680765,97.81779154863247,122.7778142907314,76.43651020177874,121.86866480431799,1.3742974045433678,0.011276872580413095,-0.1125182970036415
"Step 12 HGB-L1-E1-R2 (L1 Objective, E1)",S005,P0015,73,143.04109589041096,108.0826905328659,-34.95840535754506,86.211936945025,121.99175286587322,60.270746954480224,117.51328983426188,1.3027926569440187,0.011086343159837055,-0.12589500980094914
"Step 12 HGB-L1-E1-R2 (L1 Objective, E1)",S005,P0016,73,133.53424657534248,108.17905145522249,-25.355195120119976,84.10776089059038,110.76544283231541,62.98591039200963,108.57090389231321,1.198201689290018,0.011036121523667727,0.005787838352265081
"Step 12 HGB-L1-E1-R2 (L1 Objective, E1)",S005,P0017,73,125.47945205479452,107.44167167006623,-18.03778038472828,76.45255394967938,98.92403464326844,60.92834539657856,98.05399725392823,1.1948678198605036,0.012185814483076924,0.1024811852505295
"Step 12 HGB-L1-E1-R2 (L1 Objective, E1)",S005,P0018,73,142.54794520547946,108.21444227879911,-34.33350292668034,91.36083325356526,115.32594455107231,64.09130143676978,111.12368498108194,1.045451333566835,0.009407997347683494,0.2579359090167883
"Step 12 HGB-L1-E1-R2 (L1 Objective, E1)",S005,P0019,73,138.43835616438355,108.41434918932994,-30.024006975053627,88.66858738810268,119.72933788605324,64.0491478263556,116.75579765540195,1.237340136337191,0.010597676185546944,0.0456684839263754
"Step 12 HGB-L1-E1-R2 (L1 Objective, E1)",S005,P0020,73,137.1095890410959,108.03773212426144,-29.07185691683444,91.19467151402601,120.52831448160082,66.51224918097611,117.96922405203773,1.1351883706061974,0.009622750168344341,0.17211495092152432
