Feature,Mean_Importance_NegMAE,Importance_STD,Model
Units_Sold_Rolling_Mean_14,0.0229946243144866,0.007951187473586375,"Step 12 HGB-R1 (n_repeats=5, random_state=42)"
Units_Sold_Rolling_Mean_30,0.008477050147092768,0.0044698191961435275,"Step 12 HGB-R1 (n_repeats=5, random_state=42)"
Order_Demand_Ratio_7,0.007365084377747166,0.005617496246197476,"Step 12 HGB-R1 (n_repeats=5, random_state=42)"
Units_Sold_Lag_3,0.006008355551270483,0.0050327491778310515,"Step 12 HGB-R1 (n_repeats=5, random_state=42)"
Units_Ordered_Lag_1,0.005524710283350487,0.004157083778294829,"Step 12 HGB-R1 (n_repeats=5, random_state=42)"
Units_Sold_Rolling_Mean_7,0.004789343578428884,0.0036752888568937167,"Step 12 HGB-R1 (n_repeats=5, random_state=42)"
Day_of_Week,0.004638114889911549,0.0006442488081241175,"Step 12 HGB-R1 (n_repeats=5, random_state=42)"
Units_Sold_Trend_7,0.004607941646767699,0.004235437386526273,"Step 12 HGB-R1 (n_repeats=5, random_state=42)"
Store_Product_Expanding_Mean_Lagged,0.0033656237504231966,0.004546785314210703,"Step 12 HGB-R1 (n_repeats=5, random_state=42)"
Units_Sold_Rolling_Std_14,0.0025685751912845945,0.0013771423375289575,"Step 12 HGB-R1 (n_repeats=5, random_state=42)"
Inventory_Lag_1,0.002316866947052176,0.002241135781098966,"Step 12 HGB-R1 (n_repeats=5, random_state=42)"
Units_Sold_Lag_21,0.0013597777298457459,0.010418795348086799,"Step 12 HGB-R1 (n_repeats=5, random_state=42)"
Price_Lag_1,0.0011983121415283903,0.001715724553083794,"Step 12 HGB-R1 (n_repeats=5, random_state=42)"
Demand_CV_7,0.001100911970411289,0.0006962778659717102,"Step 12 HGB-R1 (n_repeats=5, random_state=42)"
Competitor_Price_Gap_Lag_1,0.0010998398395457797,0.0021005727312789226,"Step 12 HGB-R1 (n_repeats=5, random_state=42)"
Units_Sold_Lag_30,0.0006058141806221329,0.004784891580435891,"Step 12 HGB-R1 (n_repeats=5, random_state=42)"
Store_Product_Lag1_vs_Expanding_Mean,0.00047020330434861536,0.0012933846994586798,"Step 12 HGB-R1 (n_repeats=5, random_state=42)"
Units_Sold_Rolling_Std_7,0.0003886963546364086,0.0005856885640783685,"Step 12 HGB-R1 (n_repeats=5, random_state=42)"
Seasonality,0.0,0.0,"Step 12 HGB-R1 (n_repeats=5, random_state=42)"
Region,0.0,0.0,"Step 12 HGB-R1 (n_repeats=5, random_state=42)"
Is_Weekend,0.0,0.0,"Step 12 HGB-R1 (n_repeats=5, random_state=42)"
Year,0.0,0.0,"Step 12 HGB-R1 (n_repeats=5, random_state=42)"
Day,0.0,0.0,"Step 12 HGB-R1 (n_repeats=5, random_state=42)"
Month,0.0,0.0,"Step 12 HGB-R1 (n_repeats=5, random_state=42)"
Inventory_Demand_Coverage_7,-0.0003797152308351315,0.0010340614808786643,"Step 12 HGB-R1 (n_repeats=5, random_state=42)"
Discount_Lag_1,-0.00043962954152334535,0.0010360305957435951,"Step 12 HGB-R1 (n_repeats=5, random_state=42)"
Units_Sold_Rolling_Median_7,-0.0009785119921900786,0.0025246333349773333,"Step 12 HGB-R1 (n_repeats=5, random_state=42)"
Units_Sold_Lag_1,-0.0011185256054858429,0.0012557603477401419,"Step 12 HGB-R1 (n_repeats=5, random_state=42)"
Store_Product_Expanding_Std_Lagged,-0.0012468901171274638,0.0010844105910678254,"Step 12 HGB-R1 (n_repeats=5, random_state=42)"
Category,-0.0015668325557641083,0.002223607597419044,"Step 12 HGB-R1 (n_repeats=5, random_state=42)"
Units_Sold_Lag_7,-0.001912918910588246,0.0009288767905402318,"Step 12 HGB-R1 (n_repeats=5, random_state=42)"
Units_Sold_Lag_14,-0.001924274529338277,0.0009996264699025596,"Step 12 HGB-R1 (n_repeats=5, random_state=42)"
Demand_CV_14,-0.002021581312575904,0.0020358463790902323,"Step 12 HGB-R1 (n_repeats=5, random_state=42)"
Promotion_Lag_1,-0.0025665972763022184,0.0028953615086573362,"Step 12 HGB-R1 (n_repeats=5, random_state=42)"
Units_Sold_Rolling_Std_30,-0.004216449087303431,0.003630368281050676,"Step 12 HGB-R1 (n_repeats=5, random_state=42)"
Demand_CV_30,-0.0075449398793750785,0.007992345523690816,"Step 12 HGB-R1 (n_repeats=5, random_state=42)"
