Model,Store ID,Count,Actual_Mean,Prediction_Mean,Bias_Pred_minus_Act,MAE,RMSE,WAPE,R2,Prediction_STD,Actual_STD,STD_Ratio,Correlation
"Step 12 HGB-R1 (L2 Regularized, E1)",S001,1460,136.68424657534246,136.56890078954007,-0.11534578580239468,91.32783259629461,110.78914735748779,66.81664850524915,-0.00012232896088537615,1.56038518289798,110.82033028728848,0.014080315217008175,0.002734683015728301
"Step 12 HGB-R1 (L2 Regularized, E1)",S002,1460,131.3308219178082,136.58787064357682,5.2570487257685885,88.77322052119867,107.95444522258569,67.59511531630883,-0.0012201509883862371,1.4755984365807728,107.92561222672066,0.013672365679806987,0.04904293322855783
"Step 12 HGB-R1 (L2 Regularized, E1)",S003,1460,136.06986301369864,136.68465070063175,0.6147876869331095,89.15213140844102,109.11731141520755,65.51938058427072,0.0005161336955128437,1.7335817940309597,109.18287968304611,0.01587778046396545,0.025191346008109582
"Step 12 HGB-R1 (L2 Regularized, E1)",S004,1460,135.44109589041096,136.46993927727354,1.0288433868625775,86.76491536441183,106.26165424630699,64.0609962537631,-2.7979300405212015e-05,1.5047323607104293,106.2965768869335,0.01415598135686906,0.009400956998880529
"Step 12 HGB-R1 (L2 Regularized, E1)",S005,1460,134.3595890410959,136.59983000176825,2.2402409606723777,89.32696972702664,109.19817937809135,66.4835091894369,-0.0002648500690709543,1.6494797599597786,109.22113258172853,0.015102203401209905,0.012720604733407937
"Step 12 HGB-L1-E1-R2 (L1 Objective, E1)",S001,1460,136.68424657534246,107.99543997595076,-28.688806599391697,88.13529992942627,114.46450781546761,64.48094944200078,-0.06757986422454043,1.3071082569844945,110.82033028728848,0.011794841737034822,-0.01600878601632858
"Step 12 HGB-L1-E1-R2 (L1 Objective, E1)",S002,1460,131.3308219178082,108.06231542624025,-23.268506491567962,84.61612694282695,110.39056295997332,64.42975510789304,-0.046917400756946614,1.3715331430392523,107.92561222672066,0.012708134007690925,-0.009509888309000507
"Step 12 HGB-L1-E1-R2 (L1 Objective, E1)",S003,1460,136.06986301369864,107.98143880221951,-28.088424211479136,86.73608988908312,112.72345600039911,63.743791584732534,-0.06663803372237043,1.3424212711768095,109.18287968304611,0.01229516271299868,-0.01051718025264556
"Step 12 HGB-L1-E1-R2 (L1 Objective, E1)",S004,1460,135.44109589041096,107.85883714504723,-27.58225874536371,84.62329305405247,109.79012339866692,62.4797758004878,-0.06754343058068124,1.416225282869163,106.2965768869335,0.013323338571622927,0.0004565523000583433
"Step 12 HGB-L1-E1-R2 (L1 Objective, E1)",S005,1460,134.3595890410959,108.0000185873126,-26.359570453783288,86.00709311567921,112.33898911474166,64.01261996222142,-0.058632531467589066,1.3247104308757387,109.22113258172853,0.012128700733665052,-0.008239956765991416
