Model,Product ID,Count,Actual_Mean,Prediction_Mean,Bias_Pred_minus_Act,MAE,RMSE,WAPE,R2,Prediction_STD,Actual_STD,STD_Ratio,Correlation
"Step 12 HGB-R1 (L2 Regularized, E1)",P0001,365,140.15342465753426,136.6293914030161,-3.5240332545181556,93.095882694343,113.43603357354347,66.42426535193368,-0.0018274558419291154,1.482973038249312,113.48809552009392,0.013067212304983481,-0.026395363037835233
"Step 12 HGB-R1 (L2 Regularized, E1)",P0002,365,121.30410958904109,136.60450274500673,15.300393155965633,81.4340991964666,98.99286539245965,67.13218494604371,-0.023845163248963352,1.7810839885247514,97.96760571116947,0.018180335995714617,0.025961176104952046
"Step 12 HGB-R1 (L2 Regularized, E1)",P0003,365,137.22465753424657,136.5223678158654,-0.7022897183811546,94.28598745618329,114.33327615133236,68.70921680577176,-0.002145765848120762,1.6063911630247005,114.36758236419179,0.014045860984534177,-0.0680153617665928
"Step 12 HGB-R1 (L2 Regularized, E1)",P0004,365,124.77808219178083,136.85728459222213,12.079202400441307,87.19266540643922,106.32062600100947,69.87819004336535,-0.011921515606838406,2.0022250803723476,105.83756765478475,0.01891790528390729,0.039584943908026096
"Step 12 HGB-R1 (L2 Regularized, E1)",P0005,365,127.35616438356165,136.59209930240297,9.235934918841313,82.48958749210925,100.33401585308563,64.77078505887894,-0.0068824507344042996,1.3612517491148375,100.1277713755392,0.013595146785094487,0.06745954811157907
"Step 12 HGB-R1 (L2 Regularized, E1)",P0006,365,135.0109589041096,136.57286108359793,1.5619021794883667,90.88380732988327,110.32957798673391,67.31587425760951,0.0029825660275675236,1.153705857598193,110.6461536075426,0.010426985665406325,0.15781657485124428
"Step 12 HGB-R1 (L2 Regularized, E1)",P0007,365,127.36438356164383,136.41101502672717,9.046631465083317,88.00693704938794,104.16759898480616,69.09854591082988,-0.007551939033390687,1.2555814334074515,103.91893153983037,0.012082316617412568,0.00800278394781428
"Step 12 HGB-R1 (L2 Regularized, E1)",P0008,365,127.04931506849314,136.55953274854764,9.510217680054472,87.3479866307958,104.94844952743858,68.75124559601593,-0.00527861220714243,1.8738538034761671,104.81623259919154,0.017877515314270325,0.09218170379574478
"Step 12 HGB-R1 (L2 Regularized, E1)",P0009,365,139.55342465753424,136.438134329023,-3.115290328511245,87.52958051443078,107.9121094350712,62.72119851535668,-0.0014899045655913934,1.1501107340301229,107.97982880692841,0.010651162784176662,-0.02543428752072421
"Step 12 HGB-R1 (L2 Regularized, E1)",P0010,365,138.53698630136986,136.48779232533082,-2.049193976039053,90.71946676793353,111.76138740709486,65.48393262329576,-1.0323556151270452e-05,1.4292849872432454,111.91422282763014,0.012771254190315244,0.01914350474188348
"Step 12 HGB-R1 (L2 Regularized, E1)",P0011,365,144.51232876712328,136.58791584829225,-7.924412918831037,92.12596875037148,114.62279417281857,63.74955655086658,-0.006630947226848871,1.8792114441353063,114.40146672723286,0.016426462858346962,-0.047174427361761175
"Step 12 HGB-R1 (L2 Regularized, E1)",P0012,365,135.53150684931506,136.3904798789776,0.8589730296625429,85.4923895299268,104.48844492400873,63.079347022222564,-0.0006676790083277595,1.161539898896252,104.596961794687,0.011104910496121622,-0.021465016503336914
"Step 12 HGB-R1 (L2 Regularized, E1)",P0013,365,125.31232876712329,136.60566730695425,11.293338539830964,83.90862874949144,101.65980741735817,66.95959573572745,-0.0107428363904023,1.7441262620417,101.25691394818034,0.017224762182010418,0.058848768586208126
"Step 12 HGB-R1 (L2 Regularized, E1)",P0014,365,140.6109589041096,136.6237629785336,-3.987195925575979,92.82270072065688,111.78329716241629,66.01384518254928,-0.004021218995190701,1.900814919275518,111.71235575809433,0.01701526126072935,-0.0721207795921592
"Step 12 HGB-R1 (L2 Regularized, E1)",P0015,365,147.13972602739727,136.6131627015444,-10.526563325852843,92.8234674864097,113.9981757545153,63.08525236014513,-0.005560191775044965,1.4277243568894256,113.83861569345287,0.012541652480508312,0.12642436280594077
"Step 12 HGB-R1 (L2 Regularized, E1)",P0016,365,132.36164383561643,136.61237209734983,4.250728261733401,87.57317595637898,106.50934026661001,66.1620492301671,-0.00021430657824184074,1.5864415511881613,106.64411730391949,0.01487603434015066,0.05378095486611737
"Step 12 HGB-R1 (L2 Regularized, E1)",P0017,365,132.85753424657534,136.57463879288426,3.71710454630892,87.81774949449685,106.3300441454923,66.09918661557617,-0.0022995887963761508,1.8301815678007318,106.35378695372282,0.01720842877552719,-0.02262188925953236
"Step 12 HGB-R1 (L2 Regularized, E1)",P0018,365,144.96986301369864,136.57677049303942,-8.393092520659234,90.65391860592491,111.77643517093678,62.53294079291415,-0.004061981685260729,1.4519369810643985,111.70323060068378,0.012998164630124051,0.06801392608634199
"Step 12 HGB-R1 (L2 Regularized, E1)",P0019,365,143.13972602739727,136.6699851555748,-6.469740871822464,95.32932508434774,117.60773143393565,66.59878967918488,-0.0022330068475926446,1.8237443958508657,117.63789983651829,0.01550303429749535,0.03355231825329646
"Step 12 HGB-R1 (L2 Regularized, E1)",P0020,365,130.77534246575343,136.7150290262714,5.9396865605179565,89.84695355351367,109.82463534594073,68.70328294268637,-0.00316137387532045,1.3881908323159835,109.80196431921273,0.012642677577973742,-0.002660767270329603
"Step 12 HGB-L1-E1-R2 (L1 Objective, E1)",P0001,365,140.15342465753426,108.11184352863965,-32.0415811288946,90.44044773890137,117.93671548396304,64.52960244096293,-0.08290141676776663,1.644627690923174,113.48809552009392,0.014491631773237224,-0.09521929718724971
"Step 12 HGB-L1-E1-R2 (L1 Objective, E1)",P0002,365,121.30410958904109,107.93339537057136,-13.370714218469718,75.98568699382496,98.68350503275862,62.64065352052152,-0.017455971608760334,1.414554744613345,97.96760571116947,0.014439004958269273,0.0495443651689982
"Step 12 HGB-L1-E1-R2 (L1 Objective, E1)",P0003,365,137.22465753424657,108.08052225905595,-29.144135275190607,89.86536888750315,117.9879256896255,65.48777056709056,-0.0672366516988645,1.4148457146432125,114.36758236419179,0.012371038063371682,-0.07952340505726467
"Step 12 HGB-L1-E1-R2 (L1 Objective, E1)",P0004,365,124.77808219178083,108.07824211630341,-16.699840075477425,81.46709144788394,107.01767872640562,65.28958453029519,-0.025233605734455766,1.4531556609054972,105.83756765478475,0.013730055339568288,-0.002906522720915309
"Step 12 HGB-L1-E1-R2 (L1 Objective, E1)",P0005,365,127.35616438356165,107.9167549038109,-19.439409479750754,79.59881870691565,101.86995092878465,62.5009547768618,-0.03794555902668462,1.3238121385762882,100.1277713755392,0.013221228440321503,0.00096340590941703
"Step 12 HGB-L1-E1-R2 (L1 Objective, E1)",P0006,365,135.0109589041096,108.08924290617604,-26.921715997933543,87.00008246703199,113.81640318858726,64.43927453979722,-0.06103217183245335,1.5934802883534112,110.6461536075426,0.014401587731693059,-0.050709952763382485
"Step 12 HGB-L1-E1-R2 (L1 Objective, E1)",P0007,365,127.36438356164383,107.98255154403455,-19.381832017609277,84.97494542505066,105.59328675270795,66.71798115673613,-0.03532035247242127,1.0685647771730873,103.91893153983037,0.010282676710966034,-0.01621121920461178
"Step 12 HGB-L1-E1-R2 (L1 Objective, E1)",P0008,365,127.04931506849314,107.87724856164586,-19.172066506847287,83.04732772525749,106.41300793660112,65.3662144345179,-0.03353176257867152,1.317652070300032,104.81623259919154,0.012571068789875541,0.006948591224517454
"Step 12 HGB-L1-E1-R2 (L1 Objective, E1)",P0009,365,139.55342465753424,107.82077507551894,-31.73264958201531,86.3573689481332,112.35889623301344,61.88122517240634,-0.08572825499726666,1.297029362736072,107.97982880692841,0.012011774579261506,0.042301219452584145
"Step 12 HGB-L1-E1-R2 (L1 Objective, E1)",P0010,365,138.53698630136986,107.97254867113645,-30.564437630233417,88.233632469479,115.85688205461767,63.68958559379788,-0.07464392419702537,1.222819518946271,111.91422282763014,0.010926399594711504,0.012228117243027865
"Step 12 HGB-L1-E1-R2 (L1 Objective, E1)",P0011,365,144.51232876712328,108.01990461810774,-36.49242414901552,90.86152418274472,119.87857076947948,62.8745830600827,-0.10106107283760113,1.1953474532195694,114.40146672723286,0.01044870741097781,0.051655862274371245
"Step 12 HGB-L1-E1-R2 (L1 Objective, E1)",P0012,365,135.53150684931506,107.70238705906131,-27.829119790253753,82.87144704476104,108.09855126383789,61.145521784021874,-0.07100892084962518,1.42236782015216,104.596961794687,0.01359855769944944,0.005833772999964238
"Step 12 HGB-L1-E1-R2 (L1 Objective, E1)",P0013,365,125.31232876712329,107.95370252534555,-17.358626241777724,79.22985644624839,102.58095746283833,63.22590700032939,-0.029142713091572237,1.5426940751774996,101.25691394818034,0.015235444326962158,0.018342380723373623
"Step 12 HGB-L1-E1-R2 (L1 Objective, E1)",P0014,365,140.6109589041096,108.0209116143096,-32.59004728979998,91.10993158704565,116.31445353530911,64.79575439719358,-0.08706729438673921,1.307272055420198,111.71235575809433,0.011702125933598683,-0.06789776438135382
"Step 12 HGB-L1-E1-R2 (L1 Objective, E1)",P0015,365,147.13972602739727,107.89718788509514,-39.242538142302124,92.36678203014598,120.3170408651296,62.77487699885168,-0.12012516193939193,1.1744158727225271,113.83861569345287,0.010316498189726938,-0.04167316940824866
"Step 12 HGB-L1-E1-R2 (L1 Objective, E1)",P0016,365,132.36164383561643,107.92673457206752,-24.434909263548914,84.69180458424763,109.28329935510655,63.98515622050501,-0.05299247953887698,1.3151249859170422,106.64411730391949,0.01233190371081732,-0.008011134575342999
"Step 12 HGB-L1-E1-R2 (L1 Objective, E1)",P0017,365,132.85753424657534,107.79446683287874,-25.0630674136966,84.16951800960857,109.11550452157896,63.353214017501756,-0.05550062292294777,1.4252617951867466,106.35378695372282,0.013401138182384737,0.013655238526879514
"Step 12 HGB-L1-E1-R2 (L1 Objective, E1)",P0018,365,144.96986301369864,108.01268382773961,-36.95717918595902,89.82333089742541,117.51673178910153,61.960002603394706,-0.10983757267944272,1.032951860679667,111.70323060068378,0.009247287255032568,0.0006144122430803665
"Step 12 HGB-L1-E1-R2 (L1 Objective, E1)",P0019,365,143.13972602739727,108.22200408158166,-34.91772194581561,92.99166216045991,122.56880982003256,64.96565610490347,-0.08857133426923425,1.2678916588984483,117.63789983651829,0.010777918176543791,-0.005046914609811478
"Step 12 HGB-L1-E1-R2 (L1 Objective, E1)",P0020,365,130.77534246575343,108.17909179400137,-22.596250671752042,85.38498397160332,111.95574879933396,65.29134801842585,-0.04247118560234875,1.3909131702511437,109.80196431921273,0.012667470740391545,0.006139374594126918
