Model,Granularity,Period,Count,Mean_Residual_Act_minus_Pred,MAE,RMSE,WAPE
Step 10 Mean Baseline,Month,8,2300,-4.061968784838339,90.06030501672241,108.97512838910644,67.94551647919096
Step 10 Mean Baseline,Month,9,3000,-1.4894615384615277,88.52871463247862,107.9806881602606,65.5184252795498
Step 10 Mean Baseline,Month,10,2000,0.21620512820513932,88.81547082051283,109.43556765813143,64.91125284705599
Step 10 Mean Baseline,Quarter,3,5300,-2.6058326076439178,89.19336706337687,108.41335801890894,66.5602460974679
Step 10 Mean Baseline,Quarter,4,2000,0.21620512820513932,88.81547082051283,109.43556765813143,64.91125284705599
Step 10 Mean Baseline,Date,2023-08-09,100,2.950205128205139,98.95756717948717,118.89680445789318,70.90682658318084
Step 10 Mean Baseline,Date,2023-08-10,100,-6.329794871794861,91.51756717948716,108.54348392749793,70.24682773985812
Step 10 Mean Baseline,Date,2023-08-11,100,-12.469794871794857,82.18293846153847,99.57688579256052,66.20181928591789
Step 10 Mean Baseline,Date,2023-08-12,100,-15.369794871794857,99.49513435897434,118.34877690285207,82.06461098562713
Step 10 Mean Baseline,Date,2023-08-13,100,2.830205128205139,90.18635076923077,111.53293890626087,64.67753210644777
Step 10 Mean Baseline,Date,2023-08-14,100,25.290205128205145,104.0843917948718,125.70514896147532,64.2893093235774
Step 10 Mean Baseline,Date,2023-08-15,100,-20.679794871794858,76.34513435897436,92.81928148795114,65.85451079010987
Step 10 Mean Baseline,Date,2023-08-16,100,-11.669794871794856,92.08733025641024,112.13340497973728,73.70524272163458
Step 10 Mean Baseline,Date,2023-08-17,100,-8.349794871794861,91.90537128205128,105.93097504696657,71.65552103699616
Step 10 Mean Baseline,Date,2023-08-18,100,6.690205128205139,97.61756717948715,116.09060618610562,68.12112154883961
Step 10 Mean Baseline,Date,2023-08-19,100,-2.179794871794861,85.88415487179485,104.19105818487067,63.88764031227766
Step 10 Mean Baseline,Date,2023-08-20,100,-0.8997948717948612,89.92854666666665,112.21156594046492,66.2652322354039
Step 10 Mean Baseline,Date,2023-08-21,100,-19.089794871794858,84.37074256410257,100.34485471735562,71.79266726012811
Step 10 Mean Baseline,Date,2023-08-22,100,-13.949794871794857,82.64976307692307,98.83582941911882,67.38118626848448
Step 10 Mean Baseline,Date,2023-08-23,100,18.150205128205144,93.5721958974359,115.77518018209224,60.462778429462325
Step 10 Mean Baseline,Date,2023-08-24,100,6.510205128205139,92.97756717948715,113.20807555475585,64.96476186381159
Step 10 Mean Baseline,Date,2023-08-25,100,-10.78979487179486,80.96635076923076,100.51640300655117,64.35093845909296
Step 10 Mean Baseline,Date,2023-08-26,100,-9.749794871794862,90.82635076923074,110.17830503344149,71.59573606277057
Step 10 Mean Baseline,Date,2023-08-27,100,9.510205128205138,83.35658769230767,103.62147268583156,57.04666554359956
Step 10 Mean Baseline,Date,2023-08-28,100,-7.919794871794861,96.68952615384615,114.5521586475406,75.1336748417485
Step 10 Mean Baseline,Date,2023-08-29,100,-12.749794871794856,88.04195897435899,104.28105134334255,71.08183350101646
Step 10 Mean Baseline,Date,2023-08-30,100,-0.4697948717948611,97.80195897435895,117.37410748210853,71.83925295604448
Step 10 Mean Baseline,Date,2023-08-31,100,-12.689794871794856,79.94195897435897,94.39631610337466,64.51094171591267
Step 10 Mean Baseline,Date,2023-09-01,100,-6.889794871794861,85.10976307692306,100.78963673600282,65.61036314903103
Step 10 Mean Baseline,Date,2023-09-02,100,3.470205128205139,84.09756717948717,105.4096576392876,60.03538490825755
Step 10 Mean Baseline,Date,2023-09-03,100,4.870205128205139,86.50097948717948,111.78474179417688,61.1400759734093
Step 10 Mean Baseline,Date,2023-09-04,100,-19.109794871794858,88.84830974358972,106.39893918663888,75.6155827605019
Step 10 Mean Baseline,Date,2023-09-05,100,-2.929794871794861,87.43756717948719,105.51417581534147,65.40811428746798
Step 10 Mean Baseline,Date,2023-09-06,100,10.05020512820514,83.32097948717949,104.29118382259836,56.812341120400575
Step 10 Mean Baseline,Date,2023-09-07,100,4.680205128205139,92.53976307692308,115.54934106277749,65.49632888167817
Step 10 Mean Baseline,Date,2023-09-08,100,-10.46979487179486,90.59854666666666,106.11087128403697,71.8238042386766
Step 10 Mean Baseline,Date,2023-09-09,100,4.150205128205139,95.36537128205129,118.30319776999342,67.75033481248316
Step 10 Mean Baseline,Date,2023-09-10,100,2.510205128205139,87.34537128205127,106.5186684566873,62.784194423556116
Step 10 Mean Baseline,Date,2023-09-11,100,0.37020512820513884,87.58976307692305,105.80584412893717,63.94346844570232
Step 10 Mean Baseline,Date,2023-09-12,100,8.080205128205138,95.29878358974358,113.10589557982321,65.86411195641965
Step 10 Mean Baseline,Date,2023-09-13,100,7.860205128205139,96.3465876923077,115.60593377788815,66.68968484274083
Step 10 Mean Baseline,Date,2023-09-14,100,-0.8797948717948612,92.47635076923076,112.17625033409004,68.13257995228082
Step 10 Mean Baseline,Date,2023-09-15,100,-3.939794871794861,85.01195897435896,103.49204357645964,64.07775606720357
Step 10 Mean Baseline,Date,2023-09-16,100,11.720205128205144,82.15537128205129,108.37474017614623,55.38688821010671
Step 10 Mean Baseline,Date,2023-09-17,100,-15.239794871794857,70.61976307692308,88.56356162516492,58.18551790139498
Step 10 Mean Baseline,Date,2023-09-18,100,-12.849794871794856,92.37172205128203,110.19981682492582,74.63778446289757
Step 10 Mean Baseline,Date,2023-09-19,100,1.9102051282051389,88.23756717948717,107.02027136777323,63.70023619656886
Step 10 Mean Baseline,Date,2023-09-20,100,-10.939794871794861,81.46074256410256,100.03309558259681,64.82115267295502
Step 10 Mean Baseline,Date,2023-09-21,100,0.06020512820513886,88.13537128205127,104.23293493257044,64.48772318874023
Step 10 Mean Baseline,Date,2023-09-22,100,-12.159794871794862,96.75733025641023,113.27333362854705,77.74795520804358
Step 10 Mean Baseline,Date,2023-09-23,100,-6.609794871794861,85.84635076923075,105.38381938536487,66.03565443786982
Step 10 Mean Baseline,Date,2023-09-24,100,14.230205128205144,92.78780410256411,116.72785930526952,61.51405734723158
Step 10 Mean Baseline,Date,2023-09-25,100,-13.329794871794856,89.83074256410255,106.30270472252401,72.8672473751643
Step 10 Mean Baseline,Date,2023-09-26,100,7.470205128205139,85.09317538461539,103.23602842349885,59.059671977106746
Step 10 Mean Baseline,Date,2023-09-27,100,-15.239794871794857,87.26952615384614,104.63194754822442,71.90370450180946
Step 10 Mean Baseline,Date,2023-09-28,100,-21.869794871794856,86.66733025641025,102.65544470574555,75.53366764546824
Step 10 Mean Baseline,Date,2023-09-29,100,19.990205128205144,101.19219589743591,123.92630189377765,64.61826047090415
Step 10 Mean Baseline,Date,2023-09-30,100,6.350205128205139,89.54878358974359,108.06601457058683,62.63904839797397
Step 10 Mean Baseline,Date,2023-10-01,100,5.510205128205143,89.70537128205126,107.60905148060222,63.1194562919021
Step 10 Mean Baseline,Date,2023-10-02,100,-10.839794871794862,93.98074256410254,110.7147607722773,74.72429241003621
Step 10 Mean Baseline,Date,2023-10-03,100,-3.8297948717948613,85.30195897435895,102.43953791754444,64.24307800448784
Step 10 Mean Baseline,Date,2023-10-04,100,9.19020512820514,86.0287835897436,105.4482805469036,59.004652667862544
Step 10 Mean Baseline,Date,2023-10-05,100,-3.2097948717948612,89.59415487179486,108.8723233109269,67.16203513627799
Step 10 Mean Baseline,Date,2023-10-06,100,2.2902051282051388,107.40293846153847,133.30181934065737,77.32392977792546
Step 10 Mean Baseline,Date,2023-10-07,100,-5.569794871794861,83.91854666666666,102.09936833748715,64.04040496540496
Step 10 Mean Baseline,Date,2023-10-08,100,-15.609794871794856,86.39513435897436,105.31469838507593,71.40093748675567
Step 10 Mean Baseline,Date,2023-10-09,100,-13.709794871794857,86.01952615384616,103.188412505604,69.99147774926458
Step 10 Mean Baseline,Date,2023-10-10,100,-4.159794871794861,78.35976307692309,95.3453270662774,59.1617690274995
Step 10 Mean Baseline,Date,2023-10-11,100,-3.989794871794861,89.21854666666667,110.54299644536057,67.27382496355501
Step 10 Mean Baseline,Date,2023-10-12,100,3.580205128205139,86.20854666666662,107.65171512224049,61.49407708585963
Step 10 Mean Baseline,Date,2023-10-13,100,-5.079794871794861,88.07635076923076,109.62779490594306,66.96293679710391
Step 10 Mean Baseline,Date,2023-10-14,100,1.930205128205139,85.76537128205128,105.90596815966958,61.90657664360566
Step 10 Mean Baseline,Date,2023-10-15,100,-2.469794871794861,83.6653712820513,105.29349593735002,62.371679798756
Step 10 Mean Baseline,Date,2023-10-16,100,-9.02979487179486,83.96195897435899,103.52014680933702,65.81122352591235
Step 10 Mean Baseline,Date,2023-10-17,100,21.430205128205145,100.00780410256408,125.74598240833363,63.28005827800814
Step 10 Mean Baseline,Date,2023-10-18,100,-5.949794871794861,85.78635076923075,109.7858117382043,65.65616927080266
Step 10 Mean Baseline,Date,2023-10-19,100,12.750205128205144,94.46439179487177,112.80770421744833,63.24611127133889
Step 10 Mean Baseline,Date,2023-10-20,100,31.09020512820514,92.44780410256412,117.29846910729002,55.12689570814795
"Step 12 HGB-R1 (L2 Regularized, E1)",Month,8,2300,-4.054647591776211,90.06109071723145,108.98880685007121,67.94610924674681
"Step 12 HGB-R1 (L2 Regularized, E1)",Month,9,3000,-1.4522853641915092,88.49984232121845,107.97121006416181,65.49705742872534
"Step 12 HGB-R1 (L2 Regularized, E1)",Month,10,2000,0.25260304549290097,88.78188301403826,109.36197830527401,64.88670502246522
"Step 12 HGB-R1 (L2 Regularized, E1)",Quarter,3,5300,-2.5816123686150596,89.17736521005429,108.41398177160613,66.54830476897862
"Step 12 HGB-R1 (L2 Regularized, E1)",Quarter,4,2000,0.25260304549290097,88.78188301403826,109.36197830527401,64.88670502246522
"Step 12 HGB-R1 (L2 Regularized, E1)",Date,2023-08-09,100,2.95997262943529,98.81174759728485,118.98432595536728,70.80234135660996
"Step 12 HGB-R1 (L2 Regularized, E1)",Date,2023-08-10,100,-6.041603126649875,91.3307867254176,108.4675671917273,70.10345926114339
"Step 12 HGB-R1 (L2 Regularized, E1)",Date,2023-08-11,100,-12.269009582396585,82.03169970717536,99.39051317368715,66.07999009761186
"Step 12 HGB-R1 (L2 Regularized, E1)",Date,2023-08-12,100,-15.783045371174957,99.511461209498,118.42269068591514,82.07807754000164
"Step 12 HGB-R1 (L2 Regularized, E1)",Date,2023-08-13,100,3.0480992286269704,90.17926120755536,111.62809104601894,64.67244779658301
"Step 12 HGB-R1 (L2 Regularized, E1)",Date,2023-08-14,100,25.10612887496044,104.00120465220023,125.44825894545579,64.23792751834479
"Step 12 HGB-R1 (L2 Regularized, E1)",Date,2023-08-15,100,-20.496261505412832,76.28721677256661,92.77311869430936,65.80455168857638
"Step 12 HGB-R1 (L2 Regularized, E1)",Date,2023-08-16,100,-11.419306889905602,92.03311777944555,112.2261044246965,73.66185191247443
"Step 12 HGB-R1 (L2 Regularized, E1)",Date,2023-08-17,100,-8.5547302035374,92.11434553993323,106.20442609990279,71.81845122402403
"Step 12 HGB-R1 (L2 Regularized, E1)",Date,2023-08-18,100,6.806310686682492,97.4996474365009,115.98840058411258,68.03883282379685
"Step 12 HGB-R1 (L2 Regularized, E1)",Date,2023-08-19,100,-2.350563823386229,85.97281771250647,104.18996303628103,63.953594965786266
"Step 12 HGB-R1 (L2 Regularized, E1)",Date,2023-08-20,100,-0.6999327278117636,89.91316440573408,112.26117071129026,66.25389757993815
"Step 12 HGB-R1 (L2 Regularized, E1)",Date,2023-08-21,100,-19.078277045791143,84.46488881123571,100.41796831685707,71.87277808988742
"Step 12 HGB-R1 (L2 Regularized, E1)",Date,2023-08-22,100,-14.09023287572818,82.82284294707553,98.93273471670669,67.52229165748861
"Step 12 HGB-R1 (L2 Regularized, E1)",Date,2023-08-23,100,18.182188517564544,93.48972734783773,115.66245046181436,60.40949040310011
"Step 12 HGB-R1 (L2 Regularized, E1)",Date,2023-08-24,100,6.514993854673488,93.1475513791899,113.34918989726025,65.08353226606337
"Step 12 HGB-R1 (L2 Regularized, E1)",Date,2023-08-25,100,-10.903319291779393,81.18277604850063,100.75791111968843,64.52295028493135
"Step 12 HGB-R1 (L2 Regularized, E1)",Date,2023-08-26,100,-9.598072164347,90.79567130686559,110.12985147238483,71.57155234657543
"Step 12 HGB-R1 (L2 Regularized, E1)",Date,2023-08-27,100,9.280176203551859,83.33063979701029,103.53766114561425,57.028907608137345
"Step 12 HGB-R1 (L2 Regularized, E1)",Date,2023-08-28,100,-7.83683773318622,96.55220008681695,114.52205263187038,75.02696408953062
"Step 12 HGB-R1 (L2 Regularized, E1)",Date,2023-08-29,100,-12.639066892661397,88.04979040986535,104.30275239657551,71.08815631347113
"Step 12 HGB-R1 (L2 Regularized, E1)",Date,2023-08-30,100,-0.7541260113384647,98.00145810263977,117.436151832007,71.9857926418685
"Step 12 HGB-R1 (L2 Regularized, E1)",Date,2023-08-31,100,-12.640379361240907,79.88106951346786,94.38133809145044,64.46180561125554
"Step 12 HGB-R1 (L2 Regularized, E1)",Date,2023-09-01,100,-6.995197717089209,84.97466398283198,100.73860786993941,65.50621645300029
"Step 12 HGB-R1 (L2 Regularized, E1)",Date,2023-09-02,100,2.9703357269790125,84.10683616484252,105.46075655037632,60.04200183098409
"Step 12 HGB-R1 (L2 Regularized, E1)",Date,2023-09-03,100,4.921727985329047,86.56666822349251,111.89001111776476,61.1865056711143
"Step 12 HGB-R1 (L2 Regularized, E1)",Date,2023-09-04,100,-19.079624496468956,88.84106071121731,106.29821936738826,75.60941337124876
"Step 12 HGB-R1 (L2 Regularized, E1)",Date,2023-09-05,100,-2.7460632835741494,87.35428665264371,105.45859797259835,65.3458158682254
"Step 12 HGB-R1 (L2 Regularized, E1)",Date,2023-09-06,100,10.079934774716675,83.53707582022105,104.43995791820085,56.95968622679739
"Step 12 HGB-R1 (L2 Regularized, E1)",Date,2023-09-07,100,4.577005807600388,92.21720354605137,115.31205621762078,65.26803280207471
"Step 12 HGB-R1 (L2 Regularized, E1)",Date,2023-09-08,100,-10.770680454046314,90.80389260808,106.45408110843933,71.98659632795307
"Step 12 HGB-R1 (L2 Regularized, E1)",Date,2023-09-09,100,3.9879703530396218,95.63983839610631,118.58151042747234,67.94532423707467
"Step 12 HGB-R1 (L2 Regularized, E1)",Date,2023-09-10,100,2.5679705728684055,87.35383284635678,106.53321170081442,62.79027662906612
"Step 12 HGB-R1 (L2 Regularized, E1)",Date,2023-09-11,100,0.21467529985086145,87.96043458241462,106.0665729389098,64.21407109243292
"Step 12 HGB-R1 (L2 Regularized, E1)",Date,2023-09-12,100,8.34972703575275,95.05394333757626,112.83599044004225,65.6948948355631
"Step 12 HGB-R1 (L2 Regularized, E1)",Date,2023-09-13,100,7.899179840445351,96.32438307465728,115.56874922925947,66.6743151343928
"Step 12 HGB-R1 (L2 Regularized, E1)",Date,2023-09-14,100,-0.5794898388857945,92.28787454055855,112.06869006181063,67.99371880981253
"Step 12 HGB-R1 (L2 Regularized, E1)",Date,2023-09-15,100,-3.9121037905736014,84.87896668982829,103.51124836487739,63.97751314526893
"Step 12 HGB-R1 (L2 Regularized, E1)",Date,2023-09-16,100,11.810032991574937,82.27646126764253,108.45530778342237,55.46852374276446
"Step 12 HGB-R1 (L2 Regularized, E1)",Date,2023-09-17,100,-15.243797712650931,70.59508186766165,88.590255707739,58.1651823907569
"Step 12 HGB-R1 (L2 Regularized, E1)",Date,2023-09-18,100,-12.79029853118658,92.08287541364196,109.85554896203911,74.40439189854715
"Step 12 HGB-R1 (L2 Regularized, E1)",Date,2023-09-19,100,1.8613993413181333,88.31694612933384,107.05906277368342,63.75754124266088
"Step 12 HGB-R1 (L2 Regularized, E1)",Date,2023-09-20,100,-10.661000065324574,81.43326658259046,100.07087411147145,64.79928907662168
"Step 12 HGB-R1 (L2 Regularized, E1)",Date,2023-09-21,100,0.09785122131336436,88.08427669378159,104.14488434110328,64.45033781647881
"Step 12 HGB-R1 (L2 Regularized, E1)",Date,2023-09-22,100,-12.001687238821756,96.58032882803128,113.18344189056191,77.60572826679895
"Step 12 HGB-R1 (L2 Regularized, E1)",Date,2023-09-23,100,-6.478928810687974,85.84269828050223,105.26368523946476,66.03284483115556
"Step 12 HGB-R1 (L2 Regularized, E1)",Date,2023-09-24,100,14.306227097089385,92.819087249606,116.74977261420031,61.53479663856138
"Step 12 HGB-R1 (L2 Regularized, E1)",Date,2023-09-25,100,-13.160065797308171,89.88356888941584,106.41743862858782,72.91009806084998
"Step 12 HGB-R1 (L2 Regularized, E1)",Date,2023-09-26,100,7.66492340364151,85.22352647133022,103.39047044259067,59.150143303255284
"Step 12 HGB-R1 (L2 Regularized, E1)",Date,2023-09-27,100,-14.866772570309049,86.92671946968808,104.36272018479652,71.62125687541244
"Step 12 HGB-R1 (L2 Regularized, E1)",Date,2023-09-28,100,-21.88071340137414,86.51925836570801,102.50448061031273,75.40461771457906
"Step 12 HGB-R1 (L2 Regularized, E1)",Date,2023-09-29,100,19.789426868952916,101.07566312819318,123.88202017479144,64.5438461865857
"Step 12 HGB-R1 (L2 Regularized, E1)",Date,2023-09-30,100,6.499474462083557,89.43454982254839,108.07719908194758,62.559142293332684
"Step 12 HGB-R1 (L2 Regularized, E1)",Date,2023-10-01,100,5.7910812655502095,89.61359441254302,107.55064115111973,63.0548792657916
"Step 12 HGB-R1 (L2 Regularized, E1)",Date,2023-10-02,100,-10.609731021924667,93.8958920473242,110.63907457682802,74.65682757996677
"Step 12 HGB-R1 (L2 Regularized, E1)",Date,2023-10-03,100,-3.648870711614249,85.36312868197601,102.54041325929774,64.28914646932972
"Step 12 HGB-R1 (L2 Regularized, E1)",Date,2023-10-04,100,9.25488355414638,85.9672225780449,105.39866737893907,58.96242975174547
"Step 12 HGB-R1 (L2 Regularized, E1)",Date,2023-10-05,100,-2.9231152733675367,89.53984680988269,108.89117325562776,67.12132444518943
"Step 12 HGB-R1 (L2 Regularized, E1)",Date,2023-10-06,100,2.2640624913764054,107.15841892612804,132.92788906664205,77.14788979562853
"Step 12 HGB-R1 (L2 Regularized, E1)",Date,2023-10-07,100,-5.331181547269604,84.0160989069899,102.19445006751586,64.11484959324626
"Step 12 HGB-R1 (L2 Regularized, E1)",Date,2023-10-08,100,-15.724655452815107,86.3280820417117,105.36324533049465,71.34552234852207
"Step 12 HGB-R1 (L2 Regularized, E1)",Date,2023-10-09,100,-14.134891958484932,86.45025108686981,103.41509452161272,70.34194555481677
"Step 12 HGB-R1 (L2 Regularized, E1)",Date,2023-10-10,100,-4.181534276033631,78.11924073235565,95.27605015278687,58.98017420336402
"Step 12 HGB-R1 (L2 Regularized, E1)",Date,2023-10-11,100,-3.8046323742558523,89.3510177983142,110.74718060586707,67.37371271174348
"Step 12 HGB-R1 (L2 Regularized, E1)",Date,2023-10-12,100,3.413809622212085,86.30982438143864,107.58189388890806,61.56632026638037
"Step 12 HGB-R1 (L2 Regularized, E1)",Date,2023-10-13,100,-5.225094726761018,87.91516489041403,109.28461311598775,66.840389941773
"Step 12 HGB-R1 (L2 Regularized, E1)",Date,2023-10-14,100,2.0252337559863283,85.99135982407651,106.15339713973786,62.0696981551007
"Step 12 HGB-R1 (L2 Regularized, E1)",Date,2023-10-15,100,-2.5397369429663565,83.42326123122633,105.12929568721799,62.19118922858679
"Step 12 HGB-R1 (L2 Regularized, E1)",Date,2023-10-16,100,-9.244220848836255,83.7794688566947,103.03179359939234,65.66818377229559
"Step 12 HGB-R1 (L2 Regularized, E1)",Date,2023-10-17,100,21.493133466988443,99.89709451652399,125.51089703943487,63.210006654343196
"Step 12 HGB-R1 (L2 Regularized, E1)",Date,2023-10-18,100,-5.7634799818915745,85.82323265909905,109.8200355151655,65.68439664709861
"Step 12 HGB-R1 (L2 Regularized, E1)",Date,2023-10-19,100,12.993095648107818,94.49667437738222,112.8892206912984,63.267725212494796
"Step 12 HGB-R1 (L2 Regularized, E1)",Date,2023-10-20,100,30.947906221711122,92.19878552176976,116.83002259653188,54.978405200816795
"Step 12 HGB-L1-E1-R2 (L1 Objective, E1)",Month,8,2300,24.559497943786315,86.11245769546015,111.63131817494798,64.96708413683604
"Step 12 HGB-L1-E1-R2 (L1 Objective, E1)",Month,9,3000,27.156045388628097,85.82055504559607,111.36447026614455,63.51416765223793
"Step 12 HGB-L1-E1-R2 (L1 Objective, E1)",Month,10,2000,28.833432827861238,86.22591022150638,113.2002525681603,63.01865889634015
"Step 12 HGB-L1-E1-R2 (L1 Objective, E1)",Quarter,3,5300,26.029241780489205,85.94722978044275,111.48035063952688,64.13782721664757
"Step 12 HGB-L1-E1-R2 (L1 Objective, E1)",Quarter,4,2000,28.833432827861238,86.22591022150638,113.2002525681603,63.01865889634015
"Step 12 HGB-L1-E1-R2 (L1 Objective, E1)",Date,2023-08-09,100,31.397267498814173,96.328172394349,122.86842496711746,69.02276611804888
"Step 12 HGB-L1-E1-R2 (L1 Objective, E1)",Date,2023-08-10,100,22.335614455298536,87.76582997319846,110.81559987206032,67.36707857936635
"Step 12 HGB-L1-E1-R2 (L1 Objective, E1)",Date,2023-08-11,100,16.161894172837606,75.61734121934829,99.89936475328142,60.912954099684455
"Step 12 HGB-L1-E1-R2 (L1 Objective, E1)",Date,2023-08-12,100,13.34581273654854,90.71345369659326,118.08892227297109,74.82139037990207
"Step 12 HGB-L1-E1-R2 (L1 Objective, E1)",Date,2023-08-13,100,31.632826534435257,85.90172481114062,115.85650683616265,61.60479404126551
"Step 12 HGB-L1-E1-R2 (L1 Objective, E1)",Date,2023-08-14,100,53.784166284939175,105.02206112525681,134.36801707224103,64.86847506192515
"Step 12 HGB-L1-E1-R2 (L1 Objective, E1)",Date,2023-08-15,100,8.019160994739947,69.6515318520766,90.90864448632693,60.08067959292382
"Step 12 HGB-L1-E1-R2 (L1 Objective, E1)",Date,2023-08-16,100,17.086475262747754,83.91355381499207,112.81979394427384,67.16308133103254
"Step 12 HGB-L1-E1-R2 (L1 Objective, E1)",Date,2023-08-17,100,20.2817879657712,88.52498697906174,107.63878628317664,69.01994930536546
"Step 12 HGB-L1-E1-R2 (L1 Objective, E1)",Date,2023-08-18,100,35.47009181897432,95.13685713563494,121.18739213415721,66.38999102277387
"Step 12 HGB-L1-E1-R2 (L1 Objective, E1)",Date,2023-08-19,100,26.483555311396195,82.35125661553691,107.45629139432735,61.25958239644195
"Step 12 HGB-L1-E1-R2 (L1 Objective, E1)",Date,2023-08-20,100,27.82832098081026,85.90790937294885,115.61135595292973,63.302563829451664
"Step 12 HGB-L1-E1-R2 (L1 Objective, E1)",Date,2023-08-21,100,9.628703664482135,78.8331557303799,99.09556251026764,67.0806294506296
"Step 12 HGB-L1-E1-R2 (L1 Objective, E1)",Date,2023-08-22,100,14.463143084833696,79.94170192543888,98.99587642394646,65.17340773311501
"Step 12 HGB-L1-E1-R2 (L1 Objective, E1)",Date,2023-08-23,100,46.631662250458696,94.81169684121247,123.54369630605845,61.263696589049154
"Step 12 HGB-L1-E1-R2 (L1 Objective, E1)",Date,2023-08-24,100,35.11397830510713,90.21462123458028,118.34877660971735,63.03425184081909
"Step 12 HGB-L1-E1-R2 (L1 Objective, E1)",Date,2023-08-25,100,17.830234622841502,75.83911747414983,101.33519496095747,60.275884179104935
"Step 12 HGB-L1-E1-R2 (L1 Objective, E1)",Date,2023-08-26,100,18.994414974482137,84.77261239293813,111.42593695446557,66.82375247748553
"Step 12 HGB-L1-E1-R2 (L1 Objective, E1)",Date,2023-08-27,100,38.28970136909151,85.05197051981615,110.08292457185837,58.206933013835304
"Step 12 HGB-L1-E1-R2 (L1 Objective, E1)",Date,2023-08-28,100,20.7298556676462,89.30703449644379,116.0066845323996,69.39702734978925
"Step 12 HGB-L1-E1-R2 (L1 Objective, E1)",Date,2023-08-29,100,15.70166698807588,84.39145411641546,104.69204988039783,68.13455039271392
"Step 12 HGB-L1-E1-R2 (L1 Objective, E1)",Date,2023-08-30,100,27.98937984245088,93.52697812514552,120.59000619312143,68.69911717727746
"Step 12 HGB-L1-E1-R2 (L1 Objective, E1)",Date,2023-08-31,100,15.668737920302446,77.06150514892539,94.90105658247802,62.186495439739666
"Step 12 HGB-L1-E1-R2 (L1 Objective, E1)",Date,2023-09-01,100,21.6781413900212,81.8284354516008,102.8313687116615,63.08081672186309
"Step 12 HGB-L1-E1-R2 (L1 Objective, E1)",Date,2023-09-02,100,31.936475370029008,82.26064552996169,110.2143507816118,58.72404735148608
"Step 12 HGB-L1-E1-R2 (L1 Objective, E1)",Date,2023-09-03,100,33.41590054729072,87.16383488350115,116.68371668966462,61.608591237984974
"Step 12 HGB-L1-E1-R2 (L1 Objective, E1)",Date,2023-09-04,100,9.29456586443526,81.77386387701058,105.18342345190958,69.59477776766857
"Step 12 HGB-L1-E1-R2 (L1 Objective, E1)",Date,2023-09-05,100,25.51856366357979,85.24036770152733,108.43897727941604,63.76448810706713
"Step 12 HGB-L1-E1-R2 (L1 Objective, E1)",Date,2023-09-06,100,38.70400896432198,83.36285297623552,110.87203511787774,56.84089252436624
"Step 12 HGB-L1-E1-R2 (L1 Objective, E1)",Date,2023-09-07,100,33.19496583514229,90.60642023345139,120.0868387844159,64.12797808298633
"Step 12 HGB-L1-E1-R2 (L1 Objective, E1)",Date,2023-09-08,100,18.362146316157915,84.368714625219,107.122455673917,66.88498067640637
"Step 12 HGB-L1-E1-R2 (L1 Objective, E1)",Date,2023-09-09,100,32.96383781342744,94.97987268838924,122.90707513714729,67.47646539385424
"Step 12 HGB-L1-E1-R2 (L1 Objective, E1)",Date,2023-09-10,100,31.29089634682198,86.52205587520919,111.1117197023162,62.19239208971333
"Step 12 HGB-L1-E1-R2 (L1 Objective, E1)",Date,2023-09-11,100,28.954715687607134,85.6751275515533,109.81901946797505,62.545720215763836
"Step 12 HGB-L1-E1-R2 (L1 Objective, E1)",Date,2023-09-12,100,36.879914433501675,95.10236488244783,118.68674767726966,65.72836055183346
"Step 12 HGB-L1-E1-R2 (L1 Objective, E1)",Date,2023-09-13,100,36.493547266864944,95.29201411042968,120.85035335683332,65.95972458671675
"Step 12 HGB-L1-E1-R2 (L1 Objective, E1)",Date,2023-09-14,100,27.743272332646196,88.88176268103479,115.52563361792909,65.48424274739172
"Step 12 HGB-L1-E1-R2 (L1 Objective, E1)",Date,2023-09-15,100,24.56294137291573,83.10968907159841,106.4603225975419,62.64392030722726
"Step 12 HGB-L1-E1-R2 (L1 Objective, E1)",Date,2023-09-16,100,40.564461418228234,80.96231369701813,115.07933883169423,54.582561651060566
"Step 12 HGB-L1-E1-R2 (L1 Objective, E1)",Date,2023-09-17,100,13.523906299794636,69.80477985884804,88.32757301355274,57.514031357706216
"Step 12 HGB-L1-E1-R2 (L1 Objective, E1)",Date,2023-09-18,100,15.778554771083698,84.14598645751765,110.66956479151717,67.99126248991406
"Step 12 HGB-L1-E1-R2 (L1 Objective, E1)",Date,2023-09-19,100,30.427526930419635,86.58949290854474,111.32371816965187,62.51046268303837
"Step 12 HGB-L1-E1-R2 (L1 Objective, E1)",Date,2023-09-20,100,17.73519697049776,75.5369947768934,101.00967119268054,60.107420050046464
"Step 12 HGB-L1-E1-R2 (L1 Objective, E1)",Date,2023-09-21,100,28.540142358739946,88.78009897131969,108.3298288325304,64.95946365063269
"Step 12 HGB-L1-E1-R2 (L1 Objective, E1)",Date,2023-09-22,100,16.54575183104073,88.37973380475732,113.822054798679,71.01625858156474
"Step 12 HGB-L1-E1-R2 (L1 Objective, E1)",Date,2023-09-23,100,22.164552279517288,82.03914337437034,107.37997021567742,63.10703336490027
"Step 12 HGB-L1-E1-R2 (L1 Objective, E1)",Date,2023-09-24,100,43.10073392178681,95.03358950611442,123.65159714036277,63.002910041179014
"Step 12 HGB-L1-E1-R2 (L1 Objective, E1)",Date,2023-09-25,100,15.204237379009477,83.43290469851802,106.79373113451423,67.67756708186081
"Step 12 HGB-L1-E1-R2 (L1 Objective, E1)",Date,2023-09-26,100,36.12022164104463,84.60020167410232,109.25017397515995,58.7175192074558
"Step 12 HGB-L1-E1-R2 (L1 Objective, E1)",Date,2023-09-27,100,13.425111856470416,79.09465068066784,104.22112635115161,65.16820522424639
"Step 12 HGB-L1-E1-R2 (L1 Objective, E1)",Date,2023-09-28,100,6.685120829868856,79.57227374671332,100.29531798227762,69.35007298824588
"Step 12 HGB-L1-E1-R2 (L1 Objective, E1)",Date,2023-09-29,100,48.70994735370089,102.30953469957109,131.59668585182098,65.33175906741448
"Step 12 HGB-L1-E1-R2 (L1 Objective, E1)",Date,2023-09-30,100,35.16200261287666,88.16693037375606,113.36210011513498,61.672447099717445
"Step 12 HGB-L1-E1-R2 (L1 Objective, E1)",Date,2023-10-01,100,34.36353594213838,88.95435643170953,112.98560394794814,62.591019161067784
"Step 12 HGB-L1-E1-R2 (L1 Objective, E1)",Date,2023-10-02,100,17.836362472603227,88.48649259700453,111.49708518292677,70.35580233521867
"Step 12 HGB-L1-E1-R2 (L1 Objective, E1)",Date,2023-10-03,100,24.721783919599325,81.50413417874924,105.40110065045751,61.382839417645165
"Step 12 HGB-L1-E1-R2 (L1 Objective, E1)",Date,2023-10-04,100,37.88647862635322,86.88955612664606,111.6534359831509,59.59503163693145
"Step 12 HGB-L1-E1-R2 (L1 Objective, E1)",Date,2023-10-05,100,25.398512897525112,84.95274167671192,111.79479647831255,63.6827149000839
"Step 12 HGB-L1-E1-R2 (L1 Objective, E1)",Date,2023-10-06,100,30.892759688310257,102.22708877639553,136.90762813306708,73.59761610971601
"Step 12 HGB-L1-E1-R2 (L1 Objective, E1)",Date,2023-10-07,100,23.3192250832712,79.28495023290978,104.44512099904561,60.50438815087742
"Step 12 HGB-L1-E1-R2 (L1 Objective, E1)",Date,2023-10-08,100,12.995868287997755,80.04609972651197,104.97573878524258,66.15380142686939
"Step 12 HGB-L1-E1-R2 (L1 Objective, E1)",Date,2023-10-09,100,14.749510720771198,79.25797745969594,103.36713207253521,64.48981078901215
"Step 12 HGB-L1-E1-R2 (L1 Objective, E1)",Date,2023-10-10,100,24.39976419693916,77.58901775931072,98.34812958048151,58.57985485791674
"Step 12 HGB-L1-E1-R2 (L1 Objective, E1)",Date,2023-10-11,100,24.531651918970415,84.04014973669415,113.05854190867063,63.369137186468215
"Step 12 HGB-L1-E1-R2 (L1 Objective, E1)",Date,2023-10-12,100,32.21789252248603,82.83132815585331,112.3984050034306,59.085047546796
"Step 12 HGB-L1-E1-R2 (L1 Objective, E1)",Date,2023-10-13,100,23.184566712958695,86.12465315248082,112.25974940032502,65.47909461908372
"Step 12 HGB-L1-E1-R2 (L1 Objective, E1)",Date,2023-10-14,100,30.630289758306358,83.69319593983066,110.20049477345563,60.410853139765166
"Step 12 HGB-L1-E1-R2 (L1 Objective, E1)",Date,2023-10-15,100,26.163318486864945,82.34605991167969,108.3585122185314,61.38814664654816
"Step 12 HGB-L1-E1-R2 (L1 Objective, E1)",Date,2023-10-16,100,19.623220678114944,80.56646850121092,104.8726804969092,63.14976367864158
"Step 12 HGB-L1-E1-R2 (L1 Objective, E1)",Date,2023-10-17,100,49.975891046630565,102.35352133793121,133.66548442110144,64.76431367877197
"Step 12 HGB-L1-E1-R2 (L1 Objective, E1)",Date,2023-10-18,100,22.72160426670479,81.90541591911466,112.06475113708014,62.68591452557375
"Step 12 HGB-L1-E1-R2 (L1 Objective, E1)",Date,2023-10-19,100,41.45452229244698,94.67773140615877,119.51680241286935,63.38894711178278
"Step 12 HGB-L1-E1-R2 (L1 Objective, E1)",Date,2023-10-20,100,59.60189703823214,96.78726540352785,127.96098669161479,57.714529161316555
