Feature,Importance,Model
Price_Lag_1,0.046086654276907696,RandomForestRegressor (Aggregated to Original 33 Features)
Competitor_Price_Gap_Lag_1,0.0444466380862485,RandomForestRegressor (Aggregated to Original 33 Features)
Units_Sold_Lag_21,0.04198429427022392,RandomForestRegressor (Aggregated to Original 33 Features)
Units_Sold_Lag_30,0.041422810541314255,RandomForestRegressor (Aggregated to Original 33 Features)
Units_Sold_Lag_3,0.04136731367343043,RandomForestRegressor (Aggregated to Original 33 Features)
Units_Sold_Lag_14,0.04077472648133233,RandomForestRegressor (Aggregated to Original 33 Features)
Units_Sold_Trend_7,0.04036891235489164,RandomForestRegressor (Aggregated to Original 33 Features)
Units_Sold_Lag_7,0.03884280460547616,RandomForestRegressor (Aggregated to Original 33 Features)
Demand_CV_14,0.03789534067441166,RandomForestRegressor (Aggregated to Original 33 Features)
Units_Sold_Lag_1,0.03753064798372746,RandomForestRegressor (Aggregated to Original 33 Features)
Demand_CV_30,0.03743990206751764,RandomForestRegressor (Aggregated to Original 33 Features)
Demand_CV_7,0.03644763014985361,RandomForestRegressor (Aggregated to Original 33 Features)
Units_Sold_Rolling_Std_30,0.036366449413577376,RandomForestRegressor (Aggregated to Original 33 Features)
Units_Sold_Rolling_Std_14,0.03529890806300136,RandomForestRegressor (Aggregated to Original 33 Features)
Units_Sold_Rolling_Mean_14,0.03527586101348949,RandomForestRegressor (Aggregated to Original 33 Features)
Order_Demand_Ratio_7,0.035016761828963204,RandomForestRegressor (Aggregated to Original 33 Features)
Units_Sold_Rolling_Mean_30,0.034989874678543774,RandomForestRegressor (Aggregated to Original 33 Features)
Inventory_Demand_Coverage_7,0.03473815590816358,RandomForestRegressor (Aggregated to Original 33 Features)
Units_Sold_Rolling_Std_7,0.03424339012038342,RandomForestRegressor (Aggregated to Original 33 Features)
Inventory_Lag_1,0.033820062162386685,RandomForestRegressor (Aggregated to Original 33 Features)
Units_Ordered_Lag_1,0.033173020131110405,RandomForestRegressor (Aggregated to Original 33 Features)
Units_Sold_Rolling_Median_7,0.032793943635180206,RandomForestRegressor (Aggregated to Original 33 Features)
Day,0.030903741482296635,RandomForestRegressor (Aggregated to Original 33 Features)
Units_Sold_Rolling_Mean_7,0.029867087510345683,RandomForestRegressor (Aggregated to Original 33 Features)
Month,0.020673019258215054,RandomForestRegressor (Aggregated to Original 33 Features)
Category,0.018347015977537743,RandomForestRegressor (Aggregated to Original 33 Features)
Day_of_Week,0.015584549780773012,RandomForestRegressor (Aggregated to Original 33 Features)
Region,0.015467420583639377,RandomForestRegressor (Aggregated to Original 33 Features)
Seasonality,0.015334283461974366,RandomForestRegressor (Aggregated to Original 33 Features)
Discount_Lag_1,0.013043127806965529,RandomForestRegressor (Aggregated to Original 33 Features)
Promotion_Lag_1,0.004375902580418682,RandomForestRegressor (Aggregated to Original 33 Features)
Year,0.003931349567942142,RandomForestRegressor (Aggregated to Original 33 Features)
Is_Weekend,0.0021483998697570572,RandomForestRegressor (Aggregated to Original 33 Features)
