Feature,Pearson_Correlation,Spearman_Correlation,Absolute_Pearson,Absolute_Spearman
Units_Sold_Rolling_Std_30,0.010625722647803808,0.011688085719175118,0.010625722647803808,0.011688085719175118
Promotion_Lag_1,-0.010220848052897368,-0.009182035093869305,0.010220848052897368,0.009182035093869305
Units_Sold_Rolling_Mean_30,0.005958701655867679,0.009031198279315282,0.005958701655867679,0.009031198279315282
Units_Ordered_Lag_1,0.005298259251627072,0.006560114139069484,0.005298259251627072,0.006560114139069484
Order_Demand_Ratio_7,0.004936837598616992,0.004907523790408345,0.004936837598616992,0.004907523790408345
Demand_CV_14,0.0049337386483518375,0.005197091633954974,0.0049337386483518375,0.005197091633954974
Demand_CV_30,0.004880616046152093,0.005027966290833848,0.004880616046152093,0.005027966290833848
Units_Sold_Lag_21,0.004815468051702559,0.0021282873586203547,0.004815468051702559,0.0021282873586203547
Units_Sold_Lag_30,-0.0045765932938326434,-0.009578693581929636,0.0045765932938326434,0.009578693581929636
Competitor_Price_Gap_Lag_1,0.004308742357168562,0.004466329241537729,0.004308742357168562,0.004466329241537729
Is_Weekend,-0.00426197749192381,-0.0065783909690274355,0.00426197749192381,0.0065783909690274355
Units_Sold_Lag_14,-0.0035858936885643446,-0.0020319213712174447,0.0035858936885643446,0.0020319213712174447
Units_Sold_Rolling_Std_14,0.0031654206711393207,0.005355140381132239,0.0031654206711393207,0.005355140381132239
Inventory_Lag_1,0.0026542486390159215,0.0030936861768349473,0.0026542486390159215,0.0030936861768349473
Units_Sold_Lag_3,0.0023711351352902373,0.0005730053299689772,0.0023711351352902373,0.0005730053299689772
Discount_Lag_1,-0.00204451108900789,-0.0018683713064549079,0.00204451108900789,0.0018683713064549079
Day,0.0019268846109691718,0.004454081673127233,0.0019268846109691718,0.004454081673127233
Year,-0.0017360609906092992,-0.0025228955602864334,0.0017360609906092992,0.0025228955602864334
Units_Sold_Rolling_Median_7,-0.0015136613129108027,0.00021764572436497784,0.0015136613129108027,0.00021764572436497784
Demand_CV_7,-0.001218876082910103,0.00021178942604468875,0.001218876082910103,0.00021178942604468875
Month,0.001112732140545798,0.0005215658097719794,0.001112732140545798,0.0005215658097719794
Units_Sold_Rolling_Mean_7,-0.0010901683366641578,0.0005839709852645822,0.0010901683366641578,0.0005839709852645822
Units_Sold_Lag_1,0.0010737867947927004,0.0032518987840610522,0.0010737867947927004,0.0032518987840610522
Units_Sold_Trend_7,-0.001058989676023663,-0.005029851616417519,0.001058989676023663,0.005029851616417519
Units_Sold_Lag_7,-0.0010569647987763988,0.0009427471947162311,0.0010569647987763988,0.0009427471947162311
Units_Sold_Rolling_Std_7,-0.0010208736608796382,0.0026524497028988766,0.0010208736608796382,0.0026524497028988766
Price_Lag_1,-0.0009614410421721155,-0.00010152268696269775,0.0009614410421721155,0.00010152268696269775
Inventory_Demand_Coverage_7,0.0007229610764395622,0.0029108839072864785,0.0007229610764395622,0.0029108839072864785
Day_of_Week,-0.0006239124934873884,-0.0033704521033576878,0.0006239124934873884,0.0033704521033576878
Units_Sold_Rolling_Mean_14,0.00030998755094157693,0.0012995062570673468,0.00030998755094157693,0.0012995062570673468
