Scenario_Name,Evaluation_Scope,Lead_Time_Days,Service_Level_Pct,Service_Level_Z,Valid_Decision_Rows,Cold_Start_Insufficient_Rows,Mean_Demand_Baseline,Mean_Demand_Std,Mean_Lead_Time_Demand,Mean_Safety_Stock,Mean_Reorder_Point,Median_Reorder_Point,Mean_Estimated_Stockout_Risk,Reorder_Trigger_Rate_Pct
LT2_SL90,"TRAIN_AND_VALIDATION_ONLY (65,800 rows)",2,90%,1.2816,65700,100,136.6998,108.5997,273.3995,196.8322,470.2317,470.3093,0.4977,93.14
LT2_SL95,"TRAIN_AND_VALIDATION_ONLY (65,800 rows)",2,95%,1.6449,65700,100,136.6998,108.5997,273.3995,252.6289,526.0285,526.1325,0.4977,99.39
LT2_SL99,"TRAIN_AND_VALIDATION_ONLY (65,800 rows)",2,99%,2.3263,65700,100,136.6998,108.5997,273.3995,357.2805,630.68,630.8511,0.4977,99.96
LT4_SL90,"TRAIN_AND_VALIDATION_ONLY (65,800 rows)",4,90%,1.2816,65700,100,136.6998,108.5997,546.7991,278.3627,825.1618,825.241,0.8545,100.0
LT4_SL95 (BASE),"TRAIN_AND_VALIDATION_ONLY (65,800 rows)",4,95%,1.6449,65700,100,136.6998,108.5997,546.7991,357.2713,904.0703,904.1626,0.8545,100.0
LT4_SL99,"TRAIN_AND_VALIDATION_ONLY (65,800 rows)",4,99%,2.3263,65700,100,136.6998,108.5997,546.7991,505.2709,1052.07,1052.278,0.8545,100.0
LT7_SL90,"TRAIN_AND_VALIDATION_ONLY (65,800 rows)",7,90%,1.2816,65700,100,136.6998,108.5997,956.8983,368.2393,1325.1376,1325.0009,0.9834,100.0
LT7_SL95,"TRAIN_AND_VALIDATION_ONLY (65,800 rows)",7,95%,1.6449,65700,100,136.6998,108.5997,956.8983,472.6254,1429.5238,1429.6143,0.9834,100.0
LT7_SL99,"TRAIN_AND_VALIDATION_ONLY (65,800 rows)",7,99%,2.3263,65700,100,136.6998,108.5997,956.8983,668.4106,1625.3089,1625.5029,0.9834,100.0
