Scenario_Name,Lead_Time_Days,Service_Level_Pct,Z_Value,Component_1_Inv_LE_LTD_Count,Component_1_Inv_LE_LTD_Pct,Component_2_LTD_LT_Inv_LE_ROP_Count,Component_2_LTD_LT_Inv_LE_ROP_Pct,Component_3_Inv_GT_ROP_Count,Component_3_Inv_GT_ROP_Pct,Bucket_D_Insufficient_Data_Count,Total_Conditional_Trigger_Rate_Pct,Mean_SS_Share_of_ROP_Pct,Mean_LTD_Share_of_ROP_Pct
LT2_SL90,2,90%,1.2816,32791,49.9102,28400,43.2268,4509,6.863,100,93.137,41.8976,58.1024
LT2_SL95,2,95%,1.6449,32791,49.9102,32508,49.4795,401,0.6104,100,99.3896,48.0595,51.9405
LT2_SL99,2,99%,2.3263,32791,49.9102,32884,50.0518,25,0.0381,100,99.9619,56.6747,43.3253
LT4_SL90,4,90%,1.2816,65355,99.4749,345,0.5251,0,0.0,100,100.0,33.7776,66.2224
LT4_SL95,4,95%,1.6449,65355,99.4749,345,0.5251,0,0.0,100,100.0,39.5587,60.4413
LT4_SL99,4,99%,2.3263,65355,99.4749,345,0.5251,0,0.0,100,100.0,48.0601,51.9399
LT7_SL90,7,90%,1.2816,65697,99.9954,3,0.0046,0,0.0,100,100.0,27.8326,72.1674
LT7_SL95,7,95%,1.6449,65697,99.9954,3,0.0046,0,0.0,100,100.0,33.1052,66.8948
LT7_SL99,7,99%,2.3263,65697,99.9954,3,0.0046,0,0.0,100,100.0,41.1647,58.8353
