Scenario_Name,Lead_Time_Days,Service_Level,Service_Level_Pct,Z_Value,Active_Rows,Mean_Inventory,Mean_Lead_Time_Demand,Median_Lead_Time_Demand,Mean_Safety_Stock,Median_Safety_Stock,Mean_Reorder_Point,Median_Reorder_Point,Min_Reorder_Point,Mean_Inventory_to_ROP,Median_Inventory_to_ROP,Max_Inventory_to_ROP,Bucket_A_Count,Bucket_A_Rate,Bucket_B_Count,Bucket_B_Rate,Bucket_C_Count,Bucket_C_Rate,Bucket_D_Count,Bucket_D_Rate_of_Total,Reorder_Count,Monitor_Count,Conditional_Trigger_Rate,Mean_Estimated_Stockout_Risk
LT2_SL90,2,0.9,90%,1.2816,65700,274.504,273.3995,273.093,196.8322,196.6205,470.2317,470.3093,255.0004,0.5857,0.5816,1.7135,32791,49.9102,28400,43.2268,4509,6.863,100,0.152,61191,4509,93.137,0.4977
LT2_SL95,2,0.95,95%,1.6449,65700,274.504,273.3995,273.093,252.6289,252.3573,526.0285,526.1325,293.6744,0.5235,0.5202,1.5226,32791,49.9102,32508,49.4795,401,0.6104,100,0.152,65299,401,99.3896,0.4977
LT2_SL99,2,0.99,99%,2.3263,65700,274.504,273.3995,273.093,357.2805,356.8963,630.68,630.8511,366.2109,0.4365,0.4338,1.2594,32791,49.9102,32884,50.0518,25,0.0381,100,0.152,65675,25,99.9619,0.4977
LT4_SL90,4,0.9,90%,1.2816,65700,274.504,546.7991,546.1861,278.3627,278.0634,825.1618,825.241,430.0826,0.3339,0.3316,0.9843,65355,99.4749,345,0.5251,0,0.0,100,0.152,65700,0,100.0,0.8545
LT4_SL95,4,0.95,95%,1.6449,65700,274.504,546.7991,546.1861,357.2713,356.8871,904.0703,904.1626,484.7759,0.3047,0.3026,0.8933,65355,99.4749,345,0.5251,0,0.0,100,0.152,65700,0,100.0,0.8545
LT4_SL99,4,0.99,99%,2.3263,65700,274.504,546.7991,546.1861,505.2709,504.7276,1052.07,1052.278,587.3579,0.2617,0.2601,0.7613,65355,99.4749,345,0.5251,0,0.0,100,0.152,65700,0,100.0,0.8545
LT7_SL90,7,0.9,90%,1.2816,65700,274.504,956.8983,955.8256,368.2393,367.8433,1325.1376,1325.0009,670.2352,0.2079,0.2065,0.6165,65697,99.9954,3,0.0046,0,0.0,100,0.152,65700,0,100.0,0.9834
LT7_SL95,7,0.95,95%,1.6449,65700,274.504,956.8983,955.8256,472.6254,472.1173,1429.5238,1429.6143,742.5877,0.1927,0.1914,0.5685,65697,99.9954,3,0.0046,0,0.0,100,0.152,65700,0,100.0,0.9834
LT7_SL99,7,0.99,99%,2.3263,65700,274.504,956.8983,955.8256,668.4106,667.6919,1625.3089,1625.5029,878.291,0.1695,0.1683,0.4961,65697,99.9954,3,0.0046,0,0.0,100,0.152,65700,0,100.0,0.9834
