Store ID,Product ID,Store_Product_ID,Observations,Active_Rows,Bucket_A_Count,Bucket_A_Rate_Pct,Bucket_B_Count,Bucket_B_Rate_Pct,Bucket_C_Count,Bucket_D_Count,Reorder_Count,Monitor_Count,Conditional_Trigger_Rate,Mean_Inventory,Median_Inventory,Mean_Lead_Time_Demand,Mean_Safety_Stock,Mean_Reorder_Point,Mean_Inventory_to_ROP,Median_Inventory_to_ROP,Mean_Estimated_Stockout_Risk
S001,P0001,S001_P0001,658,657,653,99.3912,4,0.6088,0,1,657,0,100.0,274.5921,278.0,539.2602,352.5192,891.7793,0.3086,0.3062,0.8495
S001,P0002,S001_P0002,658,657,657,100.0,0,0.0,0,1,657,0,100.0,272.5875,263.0,569.3204,345.3004,914.6208,0.2984,0.2867,0.8823
S001,P0003,S001_P0003,658,657,655,99.6956,2,0.3044,0,1,657,0,100.0,275.93,280.0,541.4428,346.3475,887.7903,0.3113,0.3176,0.8569
S001,P0004,S001_P0004,658,657,657,100.0,0,0.0,0,1,657,0,100.0,274.1568,268.0,548.8051,359.3244,908.1295,0.3026,0.2961,0.8583
S001,P0005,S001_P0005,658,657,657,100.0,0,0.0,0,1,657,0,100.0,269.8219,268.0,529.236,351.268,880.504,0.3068,0.304,0.8483
S001,P0006,S001_P0006,658,657,650,98.9346,7,1.0654,0,1,657,0,100.0,272.5845,275.0,520.5754,366.0807,886.6561,0.3083,0.3111,0.8279
S001,P0007,S001_P0007,658,657,657,100.0,0,0.0,0,1,657,0,100.0,277.5753,272.0,581.4766,384.2572,965.7338,0.2875,0.2797,0.87
S001,P0008,S001_P0008,658,657,654,99.5434,3,0.4566,0,1,657,0,100.0,269.2755,265.0,537.2487,343.6953,880.944,0.3069,0.2965,0.8595
S001,P0009,S001_P0009,658,657,641,97.5647,16,2.4353,0,1,657,0,100.0,268.1963,263.0,491.7126,341.2379,832.9505,0.3226,0.3136,0.8179
S001,P0010,S001_P0010,658,657,628,95.586,29,4.414,0,1,657,0,100.0,274.2055,276.0,490.3264,333.6177,823.9441,0.3345,0.3304,0.809
S001,P0011,S001_P0011,658,657,648,98.6301,9,1.3699,0,1,657,0,100.0,269.5799,264.0,503.755,351.7606,855.5156,0.3158,0.3096,0.8207
S001,P0012,S001_P0012,658,657,631,96.0426,26,3.9574,0,1,657,0,100.0,267.4064,260.0,490.0408,342.5382,832.5791,0.323,0.315,0.8106
S001,P0013,S001_P0013,658,657,650,98.9346,7,1.0654,0,1,657,0,100.0,264.207,260.0,524.7082,357.4945,882.2026,0.3002,0.2983,0.8442
S001,P0014,S001_P0014,658,657,646,98.3257,11,1.6743,0,1,657,0,100.0,269.3288,268.0,513.1154,351.0756,864.191,0.3127,0.3077,0.8323
S001,P0015,S001_P0015,658,657,657,100.0,0,0.0,0,1,657,0,100.0,278.2542,277.0,569.7101,368.4659,938.176,0.2975,0.2948,0.8627
S001,P0016,S001_P0016,658,657,647,98.4779,10,1.5221,0,1,657,0,100.0,262.5967,263.0,502.0872,352.3196,854.4067,0.3076,0.3085,0.8288
S001,P0017,S001_P0017,658,657,656,99.8478,1,0.1522,0,1,657,0,100.0,286.3181,291.0,540.4075,362.359,902.7665,0.3187,0.324,0.8354
S001,P0018,S001_P0018,658,657,656,99.8478,1,0.1522,0,1,657,0,100.0,285.0304,293.0,564.4925,366.5179,931.0104,0.3067,0.3145,0.86
S001,P0019,S001_P0019,658,657,656,99.8478,1,0.1522,0,1,657,0,100.0,276.5175,275.0,542.3703,371.706,914.0763,0.3031,0.2969,0.843
S001,P0020,S001_P0020,658,657,652,99.239,5,0.761,0,1,657,0,100.0,279.8843,282.0,564.2461,369.3403,933.5864,0.3012,0.3053,0.8578
S002,P0001,S002_P0001,658,657,656,99.8478,1,0.1522,0,1,657,0,100.0,277.5312,276.0,557.2214,365.8454,923.0668,0.3012,0.2996,0.8586
S002,P0002,S002_P0002,658,657,643,97.8691,14,2.1309,0,1,657,0,100.0,268.9528,265.0,512.8816,355.0364,867.918,0.3112,0.3067,0.8256
S002,P0003,S002_P0003,658,657,656,99.8478,1,0.1522,0,1,657,0,100.0,272.6073,270.0,526.26,353.9596,880.2196,0.3102,0.3135,0.8392
S002,P0004,S002_P0004,658,657,653,99.3912,4,0.6088,0,1,657,0,100.0,273.4231,269.0,576.8481,369.1302,945.9783,0.29,0.2852,0.8743
S002,P0005,S002_P0005,658,657,654,99.5434,3,0.4566,0,1,657,0,100.0,271.8067,261.0,524.7583,340.226,864.9843,0.3146,0.3054,0.8465
S002,P0006,S002_P0006,658,657,657,100.0,0,0.0,0,1,657,0,100.0,271.4292,271.0,576.3196,351.5453,927.8649,0.293,0.2926,0.8829
S002,P0007,S002_P0007,658,657,657,100.0,0,0.0,0,1,657,0,100.0,276.3577,278.0,561.7394,382.7959,944.5353,0.2937,0.2936,0.8529
S002,P0008,S002_P0008,658,657,636,96.8037,21,3.1963,0,1,657,0,100.0,266.9696,265.0,487.2212,347.2448,834.466,0.3208,0.3162,0.8105
S002,P0009,S002_P0009,658,657,657,100.0,0,0.0,0,1,657,0,100.0,283.3288,294.0,591.8088,373.1787,964.9875,0.2942,0.3057,0.8777
S002,P0010,S002_P0010,658,657,657,100.0,0,0.0,0,1,657,0,100.0,273.6865,271.0,563.0779,372.8141,935.892,0.2929,0.2908,0.8623
S002,P0011,S002_P0011,658,657,656,99.8478,1,0.1522,0,1,657,0,100.0,270.8219,269.0,540.3853,357.9952,898.3805,0.3021,0.2997,0.8502
S002,P0012,S002_P0012,658,657,656,99.8478,1,0.1522,0,1,657,0,100.0,268.5738,264.0,539.8003,344.6516,884.4518,0.3042,0.299,0.8628
S002,P0013,S002_P0013,658,657,657,100.0,0,0.0,0,1,657,0,100.0,278.0289,281.0,571.8407,365.5552,937.3959,0.2979,0.2979,0.8673
S002,P0014,S002_P0014,658,657,657,100.0,0,0.0,0,1,657,0,100.0,272.4536,278.0,551.8651,356.6561,908.5212,0.3004,0.3067,0.8631
S002,P0015,S002_P0015,658,657,657,100.0,0,0.0,0,1,657,0,100.0,268.7321,262.0,553.0153,352.3562,905.3715,0.2977,0.2889,0.8665
S002,P0016,S002_P0016,658,657,652,99.239,5,0.761,0,1,657,0,100.0,284.8691,290.0,548.1971,361.9387,910.1358,0.3135,0.3189,0.844
S002,P0017,S002_P0017,658,657,657,100.0,0,0.0,0,1,657,0,100.0,275.3592,271.0,541.2668,351.901,893.1678,0.3089,0.3052,0.8527
S002,P0018,S002_P0018,658,657,656,99.8478,1,0.1522,0,1,657,0,100.0,271.6849,263.0,555.6349,354.9052,910.5401,0.2988,0.2935,0.8673
S002,P0019,S002_P0019,658,657,657,100.0,0,0.0,0,1,657,0,100.0,267.3044,259.0,535.4865,360.7652,896.2517,0.2986,0.2935,0.8496
S002,P0020,S002_P0020,658,657,657,100.0,0,0.0,0,1,657,0,100.0,277.5145,274.0,577.6944,368.4106,946.105,0.2937,0.2912,0.873
S003,P0001,S003_P0001,658,657,653,99.3912,4,0.6088,0,1,657,0,100.0,274.204,271.0,517.174,355.8642,873.0382,0.3151,0.311,0.8284
S003,P0002,S003_P0002,658,657,657,100.0,0,0.0,0,1,657,0,100.0,280.5784,281.0,554.2736,358.0567,912.3304,0.308,0.3051,0.8567
S003,P0003,S003_P0003,658,657,626,95.2816,31,4.7184,0,1,657,0,100.0,271.3394,275.0,496.8061,332.2925,829.0987,0.3311,0.3333,0.8155
S003,P0004,S003_P0004,658,657,655,99.6956,2,0.3044,0,1,657,0,100.0,271.3866,265.0,525.0014,338.53,863.5314,0.3146,0.3078,0.8481
S003,P0005,S003_P0005,658,657,657,100.0,0,0.0,0,1,657,0,100.0,279.9026,280.0,609.477,360.5214,969.9984,0.2887,0.2866,0.9006
S003,P0006,S003_P0006,658,657,657,100.0,0,0.0,0,1,657,0,100.0,279.9056,283.0,581.9968,381.7384,963.7352,0.2907,0.2941,0.8688
S003,P0007,S003_P0007,658,657,652,99.239,5,0.761,0,1,657,0,100.0,278.0807,284.0,550.6349,359.8959,910.5308,0.3065,0.3102,0.8534
S003,P0008,S003_P0008,658,657,652,99.239,5,0.761,0,1,657,0,100.0,277.1294,280.0,536.7055,368.4925,905.1979,0.3067,0.3072,0.8366
S003,P0009,S003_P0009,658,657,654,99.5434,3,0.4566,0,1,657,0,100.0,279.2359,276.0,556.0521,381.0636,937.1157,0.2984,0.2975,0.8483
S003,P0010,S003_P0010,658,657,654,99.5434,3,0.4566,0,1,657,0,100.0,265.5419,261.0,524.6175,337.166,861.7835,0.309,0.3017,0.8519
S003,P0011,S003_P0011,658,657,657,100.0,0,0.0,0,1,657,0,100.0,275.9026,273.0,549.8508,355.1103,904.9612,0.3055,0.3019,0.8599
S003,P0012,S003_P0012,658,657,654,99.5434,3,0.4566,0,1,657,0,100.0,276.1263,275.0,580.7023,380.877,961.5793,0.2881,0.2842,0.8707
S003,P0013,S003_P0013,658,657,649,98.7823,8,1.2177,0,1,657,0,100.0,287.3699,287.0,571.8487,370.6789,942.5276,0.3065,0.3092,0.8578
S003,P0014,S003_P0014,658,657,657,100.0,0,0.0,0,1,657,0,100.0,292.4049,291.0,569.3971,369.0958,938.4929,0.3119,0.3113,0.8553
S003,P0015,S003_P0015,658,657,657,100.0,0,0.0,0,1,657,0,100.0,279.6119,277.0,559.3408,364.6403,923.9811,0.3034,0.3005,0.8583
S003,P0016,S003_P0016,658,657,651,99.0868,6,0.9132,0,1,657,0,100.0,279.6499,282.0,554.7387,368.4089,923.1476,0.3041,0.3015,0.853
S003,P0017,S003_P0017,658,657,657,100.0,0,0.0,0,1,657,0,100.0,275.8493,278.0,561.0875,353.2001,914.2876,0.3022,0.3031,0.8706
S003,P0018,S003_P0018,658,657,655,99.6956,2,0.3044,0,1,657,0,100.0,270.9148,262.0,520.3521,346.7867,867.1388,0.3128,0.3026,0.8384
S003,P0019,S003_P0019,658,657,654,99.5434,3,0.4566,0,1,657,0,100.0,275.6895,273.0,562.2046,352.7652,914.9697,0.302,0.2995,0.8704
S003,P0020,S003_P0020,658,657,648,98.6301,9,1.3699,0,1,657,0,100.0,272.4749,268.0,538.0219,359.243,897.2649,0.3046,0.2973,0.8496
S004,P0001,S004_P0001,658,657,656,99.8478,1,0.1522,0,1,657,0,100.0,271.9589,271.0,566.5743,361.1959,927.7702,0.2934,0.287,0.8719
S004,P0002,S004_P0002,658,657,654,99.5434,3,0.4566,0,1,657,0,100.0,267.0654,258.0,533.1056,340.3219,873.4275,0.3066,0.3002,0.8584
S004,P0003,S004_P0003,658,657,657,100.0,0,0.0,0,1,657,0,100.0,271.5875,277.0,540.0662,346.8395,886.9057,0.3069,0.3105,0.8565
S004,P0004,S004_P0004,658,657,657,100.0,0,0.0,0,1,657,0,100.0,270.3409,262.0,550.0978,363.8183,913.9161,0.2965,0.2907,0.8587
S004,P0005,S004_P0005,658,657,657,100.0,0,0.0,0,1,657,0,100.0,270.5479,269.0,566.8525,354.4321,921.2846,0.2943,0.2876,0.8783
S004,P0006,S004_P0006,658,657,657,100.0,0,0.0,0,1,657,0,100.0,274.0898,279.0,556.6826,355.9282,912.6108,0.3008,0.3075,0.8652
S004,P0007,S004_P0007,658,657,657,100.0,0,0.0,0,1,657,0,100.0,261.5023,252.0,551.9693,355.7118,907.6811,0.2885,0.2737,0.8732
S004,P0008,S004_P0008,658,657,657,100.0,0,0.0,0,1,657,0,100.0,271.1157,266.0,545.5831,360.0117,905.5948,0.2999,0.2942,0.8575
S004,P0009,S004_P0009,658,657,649,98.7823,8,1.2177,0,1,657,0,100.0,269.1263,268.0,516.6327,352.882,869.5147,0.3107,0.3147,0.8332
S004,P0010,S004_P0010,658,657,657,100.0,0,0.0,0,1,657,0,100.0,282.417,275.0,573.1237,390.5835,963.7072,0.2937,0.2863,0.8567
S004,P0011,S004_P0011,658,657,657,100.0,0,0.0,0,1,657,0,100.0,271.4049,268.0,563.3635,339.3094,902.6729,0.3011,0.297,0.8826
S004,P0012,S004_P0012,658,657,653,99.3912,4,0.6088,0,1,657,0,100.0,268.3059,260.0,525.4425,337.3325,862.775,0.3116,0.2981,0.8518
S004,P0013,S004_P0013,658,657,657,100.0,0,0.0,0,1,657,0,100.0,265.1933,252.0,535.3081,348.2038,883.5119,0.3005,0.2842,0.8571
S004,P0014,S004_P0014,658,657,657,100.0,0,0.0,0,1,657,0,100.0,282.9117,280.0,587.2109,368.6968,955.9077,0.2963,0.2928,0.8772
S004,P0015,S004_P0015,658,657,657,100.0,0,0.0,0,1,657,0,100.0,278.0015,280.0,527.5796,341.5729,869.1524,0.3202,0.3226,0.8426
S004,P0016,S004_P0016,658,657,657,100.0,0,0.0,0,1,657,0,100.0,279.0594,288.0,552.4962,351.1632,903.6594,0.3095,0.3154,0.8595
S004,P0017,S004_P0017,658,657,657,100.0,0,0.0,0,1,657,0,100.0,272.7473,267.0,550.3944,355.8253,906.2197,0.3016,0.2931,0.8602
S004,P0018,S004_P0018,658,657,653,99.3912,4,0.6088,0,1,657,0,100.0,270.3881,273.0,517.5096,343.3179,860.8275,0.3148,0.3159,0.8411
S004,P0019,S004_P0019,658,657,648,98.6301,9,1.3699,0,1,657,0,100.0,274.7093,279.0,535.366,365.7035,901.0696,0.3053,0.3066,0.8407
S004,P0020,S004_P0020,658,657,657,100.0,0,0.0,0,1,657,0,100.0,271.7397,265.0,537.7088,346.1356,883.8443,0.3078,0.2996,0.8554
S005,P0001,S005_P0001,658,657,649,98.7823,8,1.2177,0,1,657,0,100.0,270.0654,266.0,504.3877,348.6766,853.0644,0.3168,0.3117,0.8258
S005,P0002,S005_P0002,658,657,657,100.0,0,0.0,0,1,657,0,100.0,265.1629,256.0,534.4077,351.2741,885.6819,0.3003,0.2872,0.8555
S005,P0003,S005_P0003,658,657,657,100.0,0,0.0,0,1,657,0,100.0,284.3501,292.0,587.8981,356.2317,944.1298,0.3014,0.3117,0.8833
S005,P0004,S005_P0004,658,657,656,99.8478,1,0.1522,0,1,657,0,100.0,270.4201,262.0,544.8662,366.4895,911.3557,0.2973,0.2922,0.8533
S005,P0005,S005_P0005,658,657,653,99.3912,4,0.6088,0,1,657,0,100.0,276.5068,275.0,546.0881,341.0289,887.117,0.3123,0.3077,0.8621
S005,P0006,S005_P0006,658,657,656,99.8478,1,0.1522,0,1,657,0,100.0,271.9102,268.0,521.4294,345.7787,867.2081,0.314,0.3093,0.8411
S005,P0007,S005_P0007,658,657,657,100.0,0,0.0,0,1,657,0,100.0,277.3272,286.0,557.0759,370.7297,927.8056,0.2992,0.3089,0.8559
S005,P0008,S005_P0008,658,657,657,100.0,0,0.0,0,1,657,0,100.0,275.481,276.0,549.611,348.1162,897.7273,0.3072,0.3045,0.8611
S005,P0009,S005_P0009,658,657,655,99.6956,2,0.3044,0,1,657,0,100.0,274.0076,279.0,574.1974,361.2049,935.4023,0.2933,0.2965,0.8781
S005,P0010,S005_P0010,658,657,656,99.8478,1,0.1522,0,1,657,0,100.0,281.5464,288.0,578.6035,367.0064,945.6099,0.2982,0.3037,0.8713
S005,P0011,S005_P0011,658,657,655,99.6956,2,0.3044,0,1,657,0,100.0,280.86,283.0,530.9269,352.8895,883.8164,0.3181,0.3207,0.8386
S005,P0012,S005_P0012,658,657,642,97.7169,15,2.2831,0,1,657,0,100.0,278.1598,279.0,517.4769,349.6887,867.1655,0.3222,0.3196,0.8265
S005,P0013,S005_P0013,658,657,657,100.0,0,0.0,0,1,657,0,100.0,281.7199,296.0,563.7316,344.5029,908.2345,0.3109,0.3247,0.8728
S005,P0014,S005_P0014,658,657,657,100.0,0,0.0,0,1,657,0,100.0,271.9346,268.0,573.8401,373.8598,947.7,0.2874,0.2837,0.8717
S005,P0015,S005_P0015,658,657,657,100.0,0,0.0,0,1,657,0,100.0,276.7412,273.0,627.2054,382.6661,1009.8715,0.2746,0.2729,0.9008
S005,P0016,S005_P0016,658,657,657,100.0,0,0.0,0,1,657,0,100.0,278.239,281.0,556.0216,369.292,925.3136,0.3011,0.303,0.8551
S005,P0017,S005_P0017,658,657,657,100.0,0,0.0,0,1,657,0,100.0,280.9072,286.0,570.05,377.6198,947.6698,0.2972,0.3008,0.8616
S005,P0018,S005_P0018,658,657,647,98.4779,10,1.5221,0,1,657,0,100.0,270.5495,273.0,531.0289,351.3333,882.3622,0.308,0.3062,0.845
S005,P0019,S005_P0019,658,657,657,100.0,0,0.0,0,1,657,0,100.0,275.4734,275.0,540.0862,341.5087,881.5949,0.313,0.3151,0.8566
S005,P0020,S005_P0020,658,657,653,99.3912,4,0.6088,0,1,657,0,100.0,282.0411,283.0,559.9625,349.6774,909.6399,0.3118,0.3116,0.8645
