Store_ID,Product_ID,Obs_Count,Lag_1_Autocorr,Lag_3_Autocorr,Lag_7_Autocorr,Lag_14_Autocorr,Lag_21_Autocorr,Lag_30_Autocorr
S001,P0001,585,-0.016691987675688188,-0.029902171693387884,0.0178853416243372,0.011927189575968335,0.007661155363138744,-0.0289895319542138
S001,P0002,585,0.10842252302091236,-0.05197368842054891,0.002470127988696212,-0.01616450709177117,0.021191863219469552,0.012896154060580542
S001,P0003,585,-0.07587897315195347,0.019557778043818006,0.029903296794767234,0.039352173369211936,0.022586734332130435,-0.07944416404539756
S001,P0004,585,-0.008715720195935995,-0.00593726275845279,-0.1011848590053787,-0.0798653142596592,0.007672155334010038,0.07210817551066011
S001,P0005,585,-0.07083256469156822,-0.006234126414853477,-0.006486474644787713,-0.07465803579652677,0.03449726380276189,-0.010025837632238924
S001,P0006,585,0.03438858177257879,-0.02314868580867622,-0.03281274881827769,-0.051268608858380804,0.01462305321779748,0.05340192815459887
S001,P0007,585,0.042600572923187224,0.03880394789756636,-0.0016047938385612673,-0.041867765529869094,0.0014268690404567904,-0.07119410175876863
S001,P0008,585,0.009426728660758749,0.02809947393772386,-0.011634792137984826,-0.007749296246852043,0.02257125281418229,-0.046931214882170134
S001,P0009,585,-0.023558528247369606,0.00055550345070462,-0.025856514144841095,-0.009621931268786443,-0.03240597291706755,-0.020395187389851313
S001,P0010,585,0.010055465102871738,-0.06073080729747115,-0.024413286932842188,0.0007742413481754685,0.03696064054731214,0.007230672818378483
S001,P0011,585,0.033231165323478605,-0.04418649567885064,0.0533048501545703,-0.058461278373724605,-0.04016172649981744,0.0351271483947075
S001,P0012,585,0.05323945469382758,0.028777292022331584,-0.01976132720235542,-0.051253525763313774,-0.0010955498643609061,0.02097555215322487
S001,P0013,585,0.03751983766842328,-0.02334258296023212,-0.04828877331909352,-0.025931740957596906,0.013223556213084697,0.058911428338647785
S001,P0014,585,-0.004074816206544212,0.055577050543422116,0.019830254751929278,0.06679139727434996,0.05481762674830428,0.02403646687117227
S001,P0015,585,-0.0020085952725732536,0.09904583639645684,-0.02661373375847093,-0.06214770195835052,0.06497877582707523,-0.08487245034672089
S001,P0016,585,0.04815461434970765,-0.025268706180699648,-0.0014767802141907819,0.032470272266126456,0.04341166537887144,-0.04978721069234623
S001,P0017,585,0.017717156836928417,-0.03439117202452737,0.03343209719034932,0.013286365041463383,-0.025389962702784725,0.028477731750176875
S001,P0018,585,0.02160413769385263,0.05900655100648358,0.03874871762878052,0.07502931012253079,-0.029698902801088705,0.010679206955155587
S001,P0019,585,0.03311857712814703,0.019162133553336118,-0.009810466953155895,-0.0447146847150184,-0.03716794283237173,0.005395703707769629
S001,P0020,585,0.03250330154343858,0.06723544397087677,0.028489966219695684,-0.008989373396750468,0.042745531568503206,-0.03755604955978686
S002,P0001,585,0.020339378063515406,0.033517446879974704,-0.04546220576712775,-0.03761317216267945,-0.011506491657329265,0.018761311803575268
S002,P0002,585,-0.01678603735526732,0.008243963872690278,0.02445980019356871,0.03796414580218194,-0.04636094054094235,0.013389642562444596
S002,P0003,585,0.03593142561256159,-0.007440717008255741,0.01554888434002692,0.07377623624824478,0.010814802308610988,0.01992044536886147
S002,P0004,585,-0.016168538560593162,-0.02131303059467812,-0.031655008293121574,0.0019559793982981332,-0.008286067030532734,0.022425215179536218
S002,P0005,585,0.04131987121661011,-0.03458599263458023,0.035390173479967875,0.017955100012681594,-0.005282660105877642,0.006108188070230244
S002,P0006,585,0.0362810114053472,0.036664264940151334,-0.071412968757004,-0.060192815619190286,-0.023957819920473758,-0.06390416619684909
S002,P0007,585,-0.012155591703522909,0.09361103493493964,0.0178448765293962,-0.07169157760408879,-0.06946159155826541,0.030859111549237747
S002,P0008,585,-0.020524243908516506,-0.026740558225451082,0.0020201340243376754,0.00473184690647442,-0.009959761793632041,-0.015044001124983821
S002,P0009,585,-0.010443357477602661,-0.05341908535805234,0.02905394908628365,-0.03594234946324493,-0.08513681470337622,0.017764724874216313
S002,P0010,585,-0.030549581158312272,-0.004879735487004122,0.04817766993978,0.006090300603460848,0.05076596991179935,-0.03826764313945911
S002,P0011,585,-0.06739882233093282,-0.012218843498693708,0.01016288731480476,-0.023529315641607804,-0.028029729368434148,-0.03173967929872106
S002,P0012,585,-0.04199097996303967,0.02213905357038324,-0.03658900388918658,-0.04005874605627139,-0.009280991686950006,-0.05293666130300874
S002,P0013,585,0.024368219867244908,0.02898100317835162,0.043843542001688725,-0.005234734587543005,-0.0666826640595911,-0.06143685823418777
S002,P0014,585,0.019367736327307917,0.013072378813578638,-0.011966537528978334,0.014522825746753712,0.002403378723911898,-0.07353002299211575
S002,P0015,585,-0.009761270790348012,-0.0064018876841051555,0.029915101813703538,0.05489494775817025,0.06023120500781462,-0.04840173454547958
S002,P0016,585,-0.05849445436633469,-0.016098413538783052,-0.056015996910326785,-0.00942023135458414,-0.07045890489388534,-0.008717197541479996
S002,P0017,585,-0.04419866437147758,-0.024720799788905408,0.019045310522194634,-0.04001813019845912,-0.018014625407776246,0.08035624301435135
S002,P0018,585,-0.025349901550319475,-0.006589407817464743,-0.008099729799445033,0.02623850727462256,-0.02071333534963587,-0.011664281573952615
S002,P0019,585,0.02425149642246874,0.04642307776048197,-0.025648744289375018,0.04350883537643905,-0.004201761257664459,-0.044883700998869076
S002,P0020,585,-0.05891985048518742,0.05043841356573559,-0.030975721639478707,-0.05704090558761139,0.05278235540566243,-0.051148419423963115
S003,P0001,585,-0.03095485738142663,0.0019089118097189504,0.023629155247689666,-0.03379929122793496,0.019848706015484156,0.008704948797021567
S003,P0002,585,0.01252771291052835,0.003103292239435571,-0.013162240649173793,-0.07002609320825698,0.028022084460642072,0.04465889256187052
S003,P0003,585,0.04306750879197002,-0.0008922594362201068,-0.029772794489422483,0.05167087981458333,0.028640685436653025,0.04454262682388862
S003,P0004,585,-0.005426089650163157,-0.0141624619694791,-0.011384113417943268,0.015512670422744883,0.015411081093816024,-0.021368168281860264
S003,P0005,585,-0.017245925335780662,-0.04926059999683523,-0.018206002437155998,-0.005697225260643316,-0.05356963785987516,0.027235267169277086
S003,P0006,585,-0.016841504589020496,-0.08360386505562736,-0.006862330903501668,-0.029840480907878445,0.04621422529671322,0.016230503844801642
S003,P0007,585,0.020526344376605745,-0.013364401950102266,-0.03239433167843001,0.01989537793897486,0.020379695056950243,0.001023081846584911
S003,P0008,585,0.018759816840934116,-0.05251189143269704,0.003835300085120891,-0.006410396861147039,0.04349336262951479,0.029623547807494467
S003,P0009,585,0.03411597005316742,-0.09609275003926208,0.0041685428813767154,-0.03099462766801631,0.003266089221067934,-0.02344122209489528
S003,P0010,585,-0.045343609153010465,0.045481879662585864,0.0527349380384396,-0.019341900729945023,0.0005087965884727614,0.03485902517070135
S003,P0011,585,0.01396122031088111,-0.005438479455029414,-0.023424219088702975,0.035063626068124784,-0.05779246875752634,-0.04008956883662788
S003,P0012,585,-0.05759691499586386,0.0470836801244503,-0.009654418910355334,-0.018675386410531538,0.024713236969517535,0.0014863953171579823
S003,P0013,585,-0.02690044473440314,0.057187632904097695,-0.033223948788444445,-0.022125249345424182,0.06957578018499437,-0.040403134083300575
S003,P0014,585,0.032857279671169054,-0.012439477708462194,-0.0816861388534132,0.034463129403444946,-0.03233889072876739,0.04281924092057883
S003,P0015,585,0.013755529870525057,-0.024593650550359707,-0.03729763322661776,-0.011239572294682577,0.015704867883415335,-0.03126075890758596
S003,P0016,585,0.021002482584622055,-0.012038304950526171,-0.04612569428404553,-0.04042921491632211,0.0139286020890762,-0.03530625601978371
S003,P0017,585,-0.00284531323826917,0.00746156474982525,0.003072273723956042,0.0148961394123131,0.012618456950925427,0.03988004238933466
S003,P0018,585,0.035596491322978326,0.001285867758154909,-0.023266049271823283,0.009682906948239013,-0.04702931622905121,-0.005000862400894807
S003,P0019,585,-0.013599916356453658,0.00034882737140847343,-0.0033944031573344556,0.003566838871751396,0.13702889995736334,0.0774281057273223
S003,P0020,585,-0.03879393483457697,0.016099425169941627,-0.03249667269654944,-0.012849361053396052,-0.045824280596860195,-0.04743246289728223
S004,P0001,585,-0.0182178672957389,0.025633109344400544,0.006129061573720522,-0.000898695138119053,-0.0033104545799836063,-0.0053479450579906
S004,P0002,585,-0.006856919911968622,-0.018065859707833986,-0.004822859612932087,0.06649652823434547,-0.0002609244111619114,-0.06418003834944176
S004,P0003,585,-0.08064510963533851,-0.012857831348264322,0.036447741983272906,-0.03506202707980359,0.07122101664599387,0.060656038492514754
S004,P0004,585,-0.029697582624754762,0.0002755424361879183,0.016714168508811536,-0.07954699747670431,-0.05315073031398495,0.06669433730959654
S004,P0005,585,0.06316842146381324,-0.03983367414370015,-0.013176510491782385,-0.011242616715706068,-0.023845094713237265,-0.048545206865009266
S004,P0006,585,0.002031203624601588,-0.08958551319851873,0.005366021768694507,-0.05141650751690402,-0.02366380295457865,0.015813590174755053
S004,P0007,585,-0.05685483032131905,0.035383902879602774,0.012020248614511389,0.06610993522267461,-0.04680625936905002,-0.05493116116087917
S004,P0008,585,0.0015306261794162984,-0.07059597662085185,0.030039840450265316,0.008089073433525827,-0.015412354249013943,-0.025758158225078622
S004,P0009,585,-0.025741382434938762,0.09208237199514094,-0.05636077958728922,0.006204905223077501,0.06282604019628016,-0.00883186259508911
S004,P0010,585,-0.030920520571984564,0.02938171442814789,0.0033852331903586504,0.03330866084989855,-0.007321728894900405,-0.02044188197706642
S004,P0011,585,0.02614186953181286,-0.07080073985179372,0.007505861875281046,-0.05247538007246463,-0.02676376694834544,-0.030966012257241313
S004,P0012,585,0.03167391802530693,-0.15533145082567001,0.009657293108310159,0.0397418917998415,-0.033392964223226816,0.0009873160475310997
S004,P0013,585,0.009763581951813337,0.06271375714070163,-0.04153526731091181,0.028171838878242372,-0.053727456456964175,0.01684693159945319
S004,P0014,585,-0.0644576289613723,0.025496341293660896,0.005354048372779764,0.02467398223939002,0.04700385515036747,-0.07141465252495881
S004,P0015,585,0.0392552837245241,-0.020070104695525254,0.006630482305070445,-0.008136120510585713,-0.00867418226679223,-0.021646976603047603
S004,P0016,585,0.035157242463435254,-0.021952460880289123,-0.018026101362456717,0.060220254122455054,-0.05209898898275028,0.00364071542874807
S004,P0017,585,-0.07418231831671121,-0.032148812267448534,0.036251720101606794,-0.016758247296296328,-0.03625911462049103,0.020057629883310907
S004,P0018,585,0.0638432320228871,-0.06548047819015501,0.06453200360159471,-0.027474373543972065,0.04142364203947782,-0.040987330468192605
S004,P0019,585,-0.06289590409382886,0.019689178503343664,-0.008715109273957094,-0.012542405650515304,-0.0025345537353230444,-0.01618065571119268
S004,P0020,585,0.01140209116821859,-0.07210315084534683,-0.02734362941626425,0.0055492061112963785,0.013475445340444833,-0.07933849200072884
S005,P0001,585,0.0030862842896711173,0.07015737375327726,0.021617604576207875,-0.00035645513013442547,0.047196025200609525,-0.005440076787934999
S005,P0002,585,-0.013785550423125317,0.01825368571261743,0.006882894188525167,0.04091336798490626,0.01394049246387853,0.0003235810340641048
S005,P0003,585,-0.0313628082668254,-0.010438910752236064,0.049737605248314436,-0.04438424159447793,0.04257535649499813,0.03070631031688186
S005,P0004,585,-0.04078373685470008,-0.0420321636197258,-0.0013147077822059986,-0.006379477390277643,0.011079204942972907,0.04565199215081446
S005,P0005,585,0.06261675963689943,-0.030309807416438683,0.03588616522034806,0.02357705016718253,-0.055739228739361844,0.05097226781621539
S005,P0006,585,0.00876410263149308,-0.021043738804541755,0.05647343019061163,0.012713145824773607,-0.017420595602181253,-0.030424310488764924
S005,P0007,585,-0.005847463912082867,0.017582586608265352,0.04322712467442463,-0.035547919713466915,-0.009164136653633425,0.03870849916911982
S005,P0008,585,-0.0032399448360184054,0.002348043666344366,-0.04813376326559113,0.028385143658655264,0.00422129706371665,0.0067336708128876216
S005,P0009,585,0.07263210446669387,-0.01672927129993979,-0.03345524536818922,-0.015222238167788912,-0.06681267241231513,-0.02312541802119201
S005,P0010,585,0.00592964453749096,-0.01228319893435665,-0.06794322617184537,0.0009228856791420776,-0.027233963758217922,-0.07301132384221903
S005,P0011,585,0.010208456132083847,0.02111839283940031,0.05200979945850956,-0.07596176739660394,0.051795245576566916,-0.018755383525814268
S005,P0012,585,0.02481116384222217,0.03223956260717795,-0.062400589286661826,0.03830614743802686,0.0870829880122712,-0.020135149866877766
S005,P0013,585,0.012598058659182874,0.046067606683063235,0.10665636327164334,0.05881766221206294,0.04292200838017161,0.009369445875175264
S005,P0014,585,-0.0486111838684327,-0.01635407721111477,0.023610038491175923,0.08320811266242822,0.03362456030279122,0.005118818137939629
S005,P0015,585,-0.03579004762210354,0.023592972136306335,-0.007482008769987099,-0.059504055830823965,-0.024328101860900283,-0.009838697621167784
S005,P0016,585,0.05045927298660655,0.03390592119035128,-0.015812899088555994,0.011386742199111805,-0.0016168085992868141,-0.028537195675606853
S005,P0017,585,-0.04801606960331413,0.08598827548292379,0.01775590103051212,0.008309296773558244,-0.009930534098572426,-0.03377976452542068
S005,P0018,585,0.043747251933331684,0.030886776858201053,-0.032054617159731714,-0.008574174641113222,0.011480122269574667,-0.07454640749839885
S005,P0019,585,-0.012367839888746715,0.013926397080896331,-0.015560696017675667,-0.08208883787685703,0.03624115749843317,0.03344527739622226
S005,P0020,585,-0.02423862945829441,0.038376171658446694,-0.0291829775442254,-0.039144717845667205,0.055987274304900574,-0.00463872107536563
