Scenario,Lead_Time_Days,Future_Horizon_Evaluated,Service_Level,Service_Level_Pct,Z_Value,Policy_Decision_Population,Policy_Population_Reorder_Count,Policy_Population_Monitor_Count,Policy_Population_Trigger_Rate_Pct,Eligible_Decisions,Reorder_Count,Monitor_Count,Conditional_Trigger_Rate,Mean_Lead_Time_Demand,Mean_Safety_Stock,Mean_Reorder_Point,Mean_Future_Demand,Median_Future_Demand,LTD_Coverage_Rate_Pct,Future_Demand_Coverage_Rate,Future_Demand_Exceeds_LTD_Rate,Future_Demand_Exceeds_ROP_Rate,Mean_Future_Demand_to_LTD,Mean_Future_Demand_to_ROP,Mean_LTD_Demand_Gap,Mean_ROP_Demand_Gap,Zero_Inventory_Count,Zero_Inventory_Rate
LT2_SL90,2,2D (Future_Demand_2D),0.9,90%,1.2816,65700,61191,4509,93.137,65600,61099,4501,93.1387,273.4006,196.8311,470.2317,272.743,252.0,54.8506,88.1799,45.1494,11.8201,1.0027,0.5819,0.6576,197.4887,0,0.0
LT2_SL95,2,2D (Future_Demand_2D),0.95,95%,1.6449,65700,65299,401,99.3896,65600,65199,401,99.3887,273.4006,252.6276,526.0282,272.743,252.0,54.8506,93.0137,45.1494,6.9863,1.0027,0.5201,0.6576,253.2852,0,0.0
LT2_SL99,2,2D (Future_Demand_2D),0.99,99%,2.3263,65700,65675,25,99.9619,65600,65575,25,99.9619,273.4006,357.2786,630.6792,272.743,252.0,54.8506,97.747,45.1494,2.253,1.0027,0.4337,0.6576,357.9362,0,0.0
LT4_SL90,4,4D (Future_Demand_4D),0.9,90%,1.2816,65700,65700,0,100.0,65400,65400,0,100.0,546.8055,278.3584,825.1639,545.4023,527.0,53.2752,88.6896,46.7248,11.3104,1.0026,0.6632,1.4032,279.7616,0,0.0
LT4_SL95,4,4D (Future_Demand_4D),0.95,95%,1.6449,65700,65700,0,100.0,65400,65400,0,100.0,546.8055,357.2657,904.0712,545.4023,527.0,53.2752,93.3012,46.7248,6.6988,1.0026,0.6052,1.4032,358.6689,0,0.0
LT4_SL99,4,4D (Future_Demand_4D),0.99,99%,2.3263,65700,65700,0,100.0,65400,65400,0,100.0,546.8055,505.2631,1052.0686,545.4023,527.0,53.2752,98.0199,46.7248,1.9801,1.0026,0.52,1.4032,506.6663,0,0.0
LT7_SL90,7,7D (Future_Demand_7D),0.9,90%,1.2816,65700,65700,0,100.0,65100,65100,0,100.0,956.9218,368.2282,1325.1499,954.4336,938.0,52.3994,88.8172,47.6006,11.1828,1.0026,0.7229,2.4882,370.7163,0,0.0
LT7_SL95,7,7D (Future_Demand_7D),0.95,95%,1.6449,65700,65700,0,100.0,65100,65100,0,100.0,956.9218,472.6112,1429.533,954.4336,938.0,52.3994,93.5407,47.6006,6.4593,1.0026,0.67,2.4882,475.0993,0,0.0
LT7_SL99,7,7D (Future_Demand_7D),0.99,99%,2.3263,65700,65700,0,100.0,65100,65100,0,100.0,956.9218,668.3904,1625.3122,954.4336,938.0,52.3994,98.0906,47.6006,1.9094,1.0026,0.5891,2.4882,670.8786,0,0.0
