Store ID,Product ID,Store_Product_ID,Decision_Count,Eligible_Backtest_Count,Reorder_Count,Monitor_Count,Trigger_Rate,Mean_Future_Demand,Mean_Lead_Time_Demand,Mean_Reorder_Point,LTD_Coverage_Rate,ROP_Coverage_Rate,Future_Demand_Exceeds_LTD_Rate,Future_Demand_Exceeds_ROP_Rate,Mean_Future_Demand_to_LTD,Mean_Future_Demand_to_ROP,Zero_Inventory_Count
S001,P0001,S001_P0001,657,654,654,0,100.0,547.315,539.229,891.7331,50.3058,93.7309,49.6942,6.2691,1.0206,0.6158,0
S001,P0002,S001_P0002,657,654,654,0,100.0,526.9694,569.5121,914.8238,60.3976,93.8838,39.6024,6.1162,0.9257,0.5762,0
S001,P0003,S001_P0003,657,654,654,0,100.0,567.4526,541.3181,887.6288,48.6239,92.5076,51.3761,7.4924,1.0517,0.6405,0
S001,P0004,S001_P0004,657,654,654,0,100.0,557.5474,548.7686,908.0293,52.4465,93.4251,47.5535,6.5749,1.0183,0.6153,0
S001,P0005,S001_P0005,657,654,654,0,100.0,529.1651,529.2383,880.4958,53.9755,94.8012,46.0245,5.1988,1.0021,0.602,0
S001,P0006,S001_P0006,657,654,654,0,100.0,529.4893,520.539,886.6408,53.211,91.5902,46.789,8.4098,1.0303,0.6004,0
S001,P0007,S001_P0007,657,654,654,0,100.0,553.0398,581.6071,965.9344,57.6453,94.4954,42.3547,5.5046,0.9526,0.573,0
S001,P0008,S001_P0008,657,654,654,0,100.0,538.8287,537.2365,880.8681,50.6116,91.4373,49.3884,8.5627,1.0069,0.6142,0
S001,P0009,S001_P0009,657,654,654,0,100.0,519.656,491.5849,832.7646,50.7645,90.2141,49.2355,9.7859,1.0586,0.6245,0
S001,P0010,S001_P0010,657,654,654,0,100.0,530.3349,490.1488,823.6943,44.1896,90.2141,55.8104,9.7859,1.0898,0.6459,0
S001,P0011,S001_P0011,657,654,654,0,100.0,525.9297,503.6568,855.3802,49.8471,91.4373,50.1529,8.5627,1.0491,0.6162,0
S001,P0012,S001_P0012,657,654,654,0,100.0,516.4893,489.927,832.5001,50.0,90.8257,50.0,9.1743,1.0635,0.6239,0
S001,P0013,S001_P0013,657,654,654,0,100.0,537.0122,524.6597,882.123,52.1407,92.2018,47.8593,7.7982,1.03,0.6109,0
S001,P0014,S001_P0014,657,654,654,0,100.0,543.9327,512.9779,864.0027,47.5535,90.8257,52.4465,9.1743,1.0656,0.6315,0
S001,P0015,S001_P0015,657,654,654,0,100.0,555.2446,569.7659,938.2063,55.1988,93.1193,44.8012,6.8807,0.9809,0.5938,0
S001,P0016,S001_P0016,657,654,654,0,100.0,524.2187,501.986,854.3223,53.9755,91.2844,46.0245,8.7156,1.047,0.6144,0
S001,P0017,S001_P0017,657,654,654,0,100.0,540.6269,540.4027,902.7824,51.5291,93.578,48.4709,6.422,1.0057,0.6015,0
S001,P0018,S001_P0018,657,654,654,0,100.0,560.7248,564.5132,931.061,55.1988,93.1193,44.8012,6.8807,0.9974,0.6043,0
S001,P0019,S001_P0019,657,654,654,0,100.0,541.1835,542.3755,914.1208,53.6697,93.7309,46.3303,6.2691,1.004,0.5941,0
S001,P0020,S001_P0020,657,654,654,0,100.0,562.0413,564.2591,933.5947,52.1407,91.4373,47.8593,8.5627,1.0019,0.6044,0
S002,P0001,S002_P0001,657,654,654,0,100.0,581.1147,557.109,922.9069,49.8471,90.367,50.1529,9.633,1.0464,0.6311,0
S002,P0002,S002_P0002,657,654,654,0,100.0,524.5245,512.8296,867.8808,50.3058,92.5076,49.6942,7.4924,1.0323,0.6077,0
S002,P0003,S002_P0003,657,654,654,0,100.0,529.6361,526.2401,880.1322,52.7523,92.5076,47.2477,7.4924,1.0103,0.6028,0
S002,P0004,S002_P0004,657,654,654,0,100.0,564.2538,576.9112,946.0837,52.7523,94.4954,47.2477,5.5046,0.9862,0.5984,0
S002,P0005,S002_P0005,657,654,654,0,100.0,528.1498,524.7385,864.9409,50.9174,93.2722,49.0826,6.7278,1.0105,0.6121,0
S002,P0006,S002_P0006,657,654,654,0,100.0,533.4495,576.5085,928.0714,62.0795,95.4128,37.9205,4.5872,0.9269,0.575,0
S002,P0007,S002_P0007,657,654,654,0,100.0,545.3364,561.8039,944.6676,54.1284,94.8012,45.8716,5.1988,0.9761,0.5796,0
S002,P0008,S002_P0008,657,654,654,0,100.0,508.5703,487.1325,834.3659,50.4587,91.5902,49.5413,8.4098,1.0476,0.611,0
S002,P0009,S002_P0009,657,654,654,0,100.0,574.6713,591.8886,965.0853,56.1162,94.8012,43.8838,5.1988,0.9749,0.597,0
S002,P0010,S002_P0010,657,654,654,0,100.0,536.7829,563.1929,936.0291,57.9511,96.0245,42.0489,3.9755,0.9568,0.5745,0
S002,P0011,S002_P0011,657,654,654,0,100.0,548.7783,540.3497,898.3329,49.0826,94.0367,50.9174,5.9633,1.0197,0.6124,0
S002,P0012,S002_P0012,657,654,654,0,100.0,557.7248,539.7214,884.2925,50.0,91.7431,50.0,8.2569,1.0364,0.6319,0
S002,P0013,S002_P0013,657,654,654,0,100.0,533.289,572.0079,937.642,58.104,96.3303,41.896,3.6697,0.9373,0.5702,0
S002,P0014,S002_P0014,657,654,654,0,100.0,534.633,551.9378,908.6411,56.1162,95.107,43.8838,4.893,0.9715,0.5895,0
S002,P0015,S002_P0015,657,654,654,0,100.0,525.104,553.1435,905.5412,56.7278,96.1774,43.2722,3.8226,0.9531,0.5811,0
S002,P0016,S002_P0016,657,654,654,0,100.0,545.7905,548.2121,910.1808,52.1407,94.3425,47.8593,5.6575,1.001,0.6015,0
S002,P0017,S002_P0017,657,654,654,0,100.0,524.1024,541.337,893.2584,55.5046,95.4128,44.4954,4.5872,0.9713,0.588,0
S002,P0018,S002_P0018,657,654,654,0,100.0,558.4939,555.619,910.482,50.7645,93.7309,49.2355,6.2691,1.0078,0.6144,0
S002,P0019,S002_P0019,657,654,654,0,100.0,531.2477,535.5046,896.2891,53.211,93.2722,46.789,6.7278,0.9951,0.5942,0
S002,P0020,S002_P0020,657,654,654,0,100.0,579.3731,577.69,946.0702,50.4587,93.578,49.5413,6.422,1.007,0.6145,0
S003,P0001,S003_P0001,657,654,654,0,100.0,521.3761,517.1558,873.035,50.9174,91.896,49.0826,8.104,1.0125,0.5992,0
S003,P0002,S003_P0002,657,654,654,0,100.0,565.4618,554.2253,912.2321,50.6116,92.9664,49.3884,7.0336,1.0228,0.621,0
S003,P0003,S003_P0003,657,654,654,0,100.0,508.2263,496.757,829.0314,49.5413,91.7431,50.4587,8.2569,1.0335,0.6169,0
S003,P0004,S003_P0004,657,654,654,0,100.0,532.9144,524.9697,863.4719,53.3639,92.5076,46.6361,7.4924,1.0181,0.6183,0
S003,P0005,S003_P0005,657,654,654,0,100.0,580.5581,609.6034,970.1141,57.4924,95.7187,42.5076,4.2813,0.9544,0.5991,0
S003,P0006,S003_P0006,657,654,654,0,100.0,557.7416,582.105,963.8503,57.7982,94.6483,42.2018,5.3517,0.9599,0.5795,0
S003,P0007,S003_P0007,657,654,654,0,100.0,551.1468,550.6389,910.5038,53.211,92.5076,46.789,7.4924,1.0074,0.6078,0
S003,P0008,S003_P0008,657,654,654,0,100.0,537.8272,536.6993,905.217,52.1407,92.6606,47.8593,7.3394,1.0069,0.5955,0
S003,P0009,S003_P0009,657,654,654,0,100.0,560.6055,556.0344,937.1436,54.2813,92.0489,45.7187,7.9511,1.0143,0.6009,0
S003,P0010,S003_P0010,657,654,654,0,100.0,541.7385,524.5389,861.6165,47.0948,91.4373,52.9052,8.5627,1.0365,0.6305,0
S003,P0011,S003_P0011,657,654,654,0,100.0,550.763,549.8452,904.9439,52.9052,93.1193,47.0948,6.8807,1.0058,0.6102,0
S003,P0012,S003_P0012,657,654,654,0,100.0,558.4694,580.8073,961.7274,57.7982,94.1896,42.2018,5.8104,0.9706,0.5849,0
S003,P0013,S003_P0013,657,654,654,0,100.0,591.1361,571.7639,942.4263,49.6942,92.0489,50.3058,7.9511,1.0403,0.6299,0
S003,P0014,S003_P0014,657,654,654,0,100.0,574.7768,569.3646,938.4472,50.0,94.0367,50.0,5.9633,1.0125,0.6138,0
S003,P0015,S003_P0015,657,654,654,0,100.0,548.0657,559.3804,924.061,56.5749,94.1896,43.4251,5.8104,0.9847,0.5951,0
S003,P0016,S003_P0016,657,654,654,0,100.0,564.4878,554.691,923.102,51.5291,93.1193,48.4709,6.8807,1.022,0.6133,0
S003,P0017,S003_P0017,657,654,654,0,100.0,566.052,561.0657,914.2771,51.8349,93.578,48.1651,6.422,1.0121,0.6208,0
S003,P0018,S003_P0018,657,654,654,0,100.0,525.3272,520.3309,867.0697,50.9174,92.5076,49.0826,7.4924,1.0134,0.6074,0
S003,P0019,S003_P0019,657,654,654,0,100.0,566.2217,562.1856,914.9069,53.5168,92.2018,46.4832,7.7982,1.012,0.6209,0
S003,P0020,S003_P0020,657,654,654,0,100.0,545.5,537.986,897.227,51.9878,93.2722,48.0122,6.7278,1.0177,0.6098,0
S004,P0001,S004_P0001,657,654,654,0,100.0,556.4572,566.6198,927.8004,55.6575,92.3547,44.3425,7.6453,0.9847,0.6009,0
S004,P0002,S004_P0002,657,654,654,0,100.0,522.7049,533.1543,873.4641,58.2569,92.5076,41.7431,7.4924,0.9848,0.6014,0
S004,P0003,S004_P0003,657,654,654,0,100.0,518.7064,540.1613,886.9771,57.6453,95.4128,42.3547,4.5872,0.9633,0.5858,0
S004,P0004,S004_P0004,657,654,654,0,100.0,524.9755,550.2135,914.095,59.0214,96.1774,40.9786,3.8226,0.9565,0.5754,0
S004,P0005,S004_P0005,657,654,654,0,100.0,555.5474,566.9067,921.3257,53.0581,92.9664,46.9419,7.0336,0.9822,0.6045,0
S004,P0006,S004_P0006,657,654,654,0,100.0,565.2737,556.6402,912.5855,51.0703,93.7309,48.9297,6.2691,1.0187,0.6208,0
S004,P0007,S004_P0007,657,654,654,0,100.0,527.0887,552.0816,907.8141,56.5749,95.2599,43.4251,4.7401,0.9566,0.5815,0
S004,P0008,S004_P0008,657,654,654,0,100.0,530.2905,545.6579,905.7163,55.9633,94.4954,44.0367,5.5046,0.9741,0.5864,0
S004,P0009,S004_P0009,657,654,654,0,100.0,534.5291,516.5547,869.3765,50.9174,92.3547,49.0826,7.6453,1.0386,0.6166,0
S004,P0010,S004_P0010,657,654,654,0,100.0,558.9465,573.1878,963.8659,55.1988,93.578,44.8012,6.422,0.9776,0.5811,0
S004,P0011,S004_P0011,657,654,654,0,100.0,549.2202,563.4248,902.6996,55.3517,94.1896,44.6483,5.8104,0.9764,0.6091,0
S004,P0012,S004_P0012,657,654,654,0,100.0,533.9786,525.4059,862.6892,51.8349,91.1315,48.1651,8.8685,1.0192,0.6205,0
S004,P0013,S004_P0013,657,654,654,0,100.0,527.8654,535.3459,883.5738,55.6575,93.2722,44.3425,6.7278,0.9885,0.5983,0
S004,P0014,S004_P0014,657,654,654,0,100.0,576.5627,587.2631,955.9585,52.5994,96.3303,47.4006,3.6697,0.9839,0.6039,0
S004,P0015,S004_P0015,657,654,654,0,100.0,550.7171,527.4762,868.96,45.8716,92.0489,54.1284,7.9511,1.0475,0.6351,0
S004,P0016,S004_P0016,657,654,654,0,100.0,574.8838,552.3942,903.5271,49.2355,90.0612,50.7645,9.9388,1.0428,0.6371,0
S004,P0017,S004_P0017,657,654,654,0,100.0,532.9633,550.4772,906.3193,56.1162,95.8716,43.8838,4.1284,0.9713,0.5891,0
S004,P0018,S004_P0018,657,654,654,0,100.0,518.2722,517.5098,860.8408,54.893,92.3547,45.107,7.6453,1.0059,0.6037,0
S004,P0019,S004_P0019,657,654,654,0,100.0,552.1284,535.2916,900.9823,50.9174,94.8012,49.0826,5.1988,1.036,0.6143,0
S004,P0020,S004_P0020,657,654,654,0,100.0,530.1575,537.747,883.891,54.893,93.7309,45.107,6.2691,0.9893,0.6015,0
S005,P0001,S005_P0001,657,654,654,0,100.0,526.1131,504.2944,852.943,51.3761,91.2844,48.6239,8.7156,1.0463,0.6182,0
S005,P0002,S005_P0002,657,654,654,0,100.0,534.9404,534.4052,885.6932,53.6697,92.8135,46.3303,7.1865,1.0063,0.6067,0
S005,P0003,S005_P0003,657,654,654,0,100.0,578.2936,587.941,944.1154,53.8226,93.578,46.1774,6.422,0.9866,0.6134,0
S005,P0004,S005_P0004,657,654,654,0,100.0,532.7339,544.9182,911.4259,54.4343,95.8716,45.5657,4.1284,0.9806,0.5853,0
S005,P0005,S005_P0005,657,654,654,0,100.0,563.4235,546.0138,887.0275,53.3639,91.7431,46.6361,8.2569,1.0369,0.6371,0
S005,P0006,S005_P0006,657,654,654,0,100.0,535.1009,521.3686,867.1336,50.7645,91.5902,49.2355,8.4098,1.029,0.6185,0
S005,P0007,S005_P0007,657,654,654,0,100.0,555.2202,557.0859,927.8175,53.9755,94.1896,46.0245,5.8104,1.0003,0.5997,0
S005,P0008,S005_P0008,657,654,654,0,100.0,531.3043,549.6849,897.7246,57.6453,91.1315,42.3547,8.8685,0.9708,0.5929,0
S005,P0009,S005_P0009,657,654,654,0,100.0,554.292,574.2899,935.5274,58.7156,93.7309,41.2844,6.2691,0.9682,0.5939,0
S005,P0010,S005_P0010,657,654,654,0,100.0,552.9755,578.7263,945.7585,56.7278,95.4128,43.2722,4.5872,0.9577,0.5857,0
S005,P0011,S005_P0011,657,654,654,0,100.0,550.3425,530.8433,883.725,49.8471,92.2018,50.1529,7.7982,1.0395,0.624,0
S005,P0012,S005_P0012,657,654,654,0,100.0,538.4648,517.3823,867.0494,49.2355,91.2844,50.7645,8.7156,1.0476,0.6233,0
S005,P0013,S005_P0013,657,654,654,0,100.0,548.6804,563.7955,908.2604,54.2813,95.107,45.7187,4.893,0.9756,0.6063,0
S005,P0014,S005_P0014,657,654,654,0,100.0,543.8945,573.972,947.8674,59.1743,97.0948,40.8257,2.9052,0.9496,0.5743,0
S005,P0015,S005_P0015,657,654,654,0,100.0,600.6896,627.3272,1009.9913,56.2691,96.0245,43.7309,3.9755,0.9603,0.5954,0
S005,P0016,S005_P0016,657,654,654,0,100.0,554.6972,556.0262,925.3205,54.893,92.2018,45.107,7.7982,1.0015,0.601,0
S005,P0017,S005_P0017,657,654,654,0,100.0,544.8517,570.1556,947.8605,58.104,94.8012,41.896,5.1988,0.9603,0.5768,0
S005,P0018,S005_P0018,657,654,654,0,100.0,544.9083,530.9696,882.2459,47.8593,93.7309,52.1407,6.2691,1.0309,0.6199,0
S005,P0019,S005_P0019,657,654,654,0,100.0,536.1376,540.1013,881.5459,53.9755,92.5076,46.0245,7.4924,0.9952,0.6094,0
S005,P0020,S005_P0020,657,654,654,0,100.0,551.2706,560.0033,909.6228,52.5994,93.4251,47.4006,6.5749,0.989,0.6092,0
