Experiment_ID,Model,Feature_Set,Objective,Regularization,Fitted_Iterations,Parameters_JSON
REF-MEAN,Mean Baseline,None (Train Target Mean),squared_error (L2),Constant Mean (mu=136.6098),1,"{'strategy': 'constant_train_mean', 'mean': 136.609795}"
E0-RIDGE,Ridge Regression,E0 (Locked 33),squared_error (L2),alpha=1.0,1,"{'alpha': 1.0, 'solver': 'auto', 'random_state': 42}"
E1-RIDGE,Ridge Regression,E1 (Locked 33 + 3 Entity = 36),squared_error (L2),alpha=1.0,1,"{'alpha': 1.0, 'solver': 'auto', 'random_state': 42}"
E0-HGB-R0,HistGradientBoostingRegressor,E0 (Locked 33),squared_error (L2),"R0 Baseline (lr=0.1, leaves=31, min_leaf=20, l2=0.0)",11,"{'loss': 'squared_error', 'learning_rate': 0.1, 'max_iter': 200, 'max_leaf_nodes': 31, 'min_samples_leaf': 20, 'l2_regularization': 0.0, 'early_stopping': 'auto', 'random_state': 42}"
E1-HGB-R0,HistGradientBoostingRegressor,E1 (Locked 33 + 3 Entity = 36),squared_error (L2),"R0 Baseline (lr=0.1, leaves=31, min_leaf=20, l2=0.0)",11,"{'loss': 'squared_error', 'learning_rate': 0.1, 'max_iter': 200, 'max_leaf_nodes': 31, 'min_samples_leaf': 20, 'l2_regularization': 0.0, 'early_stopping': 'auto', 'random_state': 42}"
HGB-R1,HistGradientBoostingRegressor,E1 (Locked 33 + 3 Entity = 36),squared_error (L2),"R1 Moderate (lr=0.05, leaves=15, min_leaf=30, l2=1.0)",10,"{'loss': 'squared_error', 'learning_rate': 0.05, 'max_iter': 200, 'max_leaf_nodes': 15, 'min_samples_leaf': 30, 'l2_regularization': 1.0, 'early_stopping': True, 'random_state': 42}"
HGB-R2,HistGradientBoostingRegressor,E1 (Locked 33 + 3 Entity = 36),squared_error (L2),"R2 Stronger (lr=0.05, leaves=15, min_leaf=60, l2=5.0)",10,"{'loss': 'squared_error', 'learning_rate': 0.05, 'max_iter': 200, 'max_leaf_nodes': 15, 'min_samples_leaf': 60, 'l2_regularization': 5.0, 'early_stopping': True, 'random_state': 42}"
RF-R1-REG,RandomForestRegressor,E1 (Locked 33 + 3 Entity = 36),squared_error (L2),"Depth-Constrained RF (max_depth=6, min_samples_leaf=50)",200,"{'n_estimators': 200, 'max_depth': 6, 'min_samples_leaf': 50, 'max_features': 1.0, 'random_state': 42}"
HGB-L1-E0-R0,HistGradientBoostingRegressor,E0 (Locked 33),absolute_error (L1),"R0 Baseline (lr=0.1, leaves=31, min_leaf=20, l2=0.0)",10,"{'loss': 'absolute_error', 'learning_rate': 0.1, 'max_iter': 200, 'max_leaf_nodes': 31, 'min_samples_leaf': 20, 'l2_regularization': 0.0, 'early_stopping': True, 'random_state': 42}"
HGB-L1-E1-R0,HistGradientBoostingRegressor,E1 (Locked 33 + 3 Entity = 36),absolute_error (L1),"R0 Baseline (lr=0.1, leaves=31, min_leaf=20, l2=0.0)",10,"{'loss': 'absolute_error', 'learning_rate': 0.1, 'max_iter': 200, 'max_leaf_nodes': 31, 'min_samples_leaf': 20, 'l2_regularization': 0.0, 'early_stopping': True, 'random_state': 42}"
HGB-L1-E1-R1,HistGradientBoostingRegressor,E1 (Locked 33 + 3 Entity = 36),absolute_error (L1),"R1 Moderate (lr=0.05, leaves=15, min_leaf=30, l2=1.0)",24,"{'loss': 'absolute_error', 'learning_rate': 0.05, 'max_iter': 200, 'max_leaf_nodes': 15, 'min_samples_leaf': 30, 'l2_regularization': 1.0, 'early_stopping': True, 'random_state': 42}"
HGB-L1-E1-R2,HistGradientBoostingRegressor,E1 (Locked 33 + 3 Entity = 36),absolute_error (L1),"R2 Stronger (lr=0.05, leaves=15, min_leaf=60, l2=5.0)",10,"{'loss': 'absolute_error', 'learning_rate': 0.05, 'max_iter': 200, 'max_leaf_nodes': 15, 'min_samples_leaf': 60, 'l2_regularization': 5.0, 'early_stopping': True, 'random_state': 42}"
HGB-POISSON-E1-R1,HistGradientBoostingRegressor,E1 (Locked 33 + 3 Entity = 36),poisson,"R1 Moderate (lr=0.05, leaves=15, min_leaf=30, l2=1.0)",10,"{'loss': 'poisson', 'learning_rate': 0.05, 'max_iter': 200, 'max_leaf_nodes': 15, 'min_samples_leaf': 30, 'l2_regularization': 1.0, 'early_stopping': True, 'random_state': 42}"
HGB-POISSON-E1-R2,HistGradientBoostingRegressor,E1 (Locked 33 + 3 Entity = 36),poisson,"R2 Stronger (lr=0.05, leaves=15, min_leaf=60, l2=5.0)",10,"{'loss': 'poisson', 'learning_rate': 0.05, 'max_iter': 200, 'max_leaf_nodes': 15, 'min_samples_leaf': 60, 'l2_regularization': 5.0, 'early_stopping': True, 'random_state': 42}"
