Experiment_ID,Target_Range,Count,Actual_Mean,Predicted_Mean,MAE,Mean_Error
REF-MEAN,0–99 (Low Demand),3532,47.05294450736127,136.60979487179483,89.55685036443359,89.55685036443359
REF-MEAN,100–199 (Mid Demand),1926,144.94911734164072,136.6097948717948,24.489217935404856,-8.339322469845845
REF-MEAN,200–299 (Moderately High),1092,244.18772893772893,136.60979487179486,107.57793406593409,-107.57793406593409
REF-MEAN,300–399 (High Demand),572,341.46153846153845,136.60979487179486,204.85174358974365,-204.85174358974365
REF-MEAN,400+ (Peak Demand),178,430.0056179775281,136.60979487179483,293.3958231057333,-293.3958231057333
E1-RIDGE,0–99 (Low Demand),3532,47.05294450736127,136.64985588326877,89.5969113759075,89.5969113759075
E1-RIDGE,100–199 (Mid Demand),1926,144.94911734164072,136.54191810573846,24.56885515724607,-8.407199235902263
E1-RIDGE,200–299 (Moderately High),1092,244.18772893772893,136.63478645347854,107.5529424842504,-107.5529424842504
E1-RIDGE,300–399 (High Demand),572,341.46153846153845,136.639082040858,204.82245642068045,-204.82245642068045
E1-RIDGE,400+ (Peak Demand),178,430.0056179775281,137.13279325076505,292.87282472676304,-292.87282472676304
HGB-R1,0–99 (Low Demand),3532,47.05294450736127,136.55820379290714,89.50525928554586,89.50525928554586
HGB-R1,100–199 (Mid Demand),1926,144.94911734164072,136.58954498965082,24.51533014583326,-8.359572351989906
HGB-R1,200–299 (Moderately High),1092,244.18772893772893,136.60818408628919,107.57954485143976,-107.57954485143976
HGB-R1,300–399 (High Demand),572,341.46153846153845,136.58916390220014,204.87237455933828,-204.87237455933828
HGB-R1,400+ (Peak Demand),178,430.0056179775281,136.79865866164224,293.20695931588585,-293.20695931588585
HGB-R2,0–99 (Low Demand),3532,47.05294450736127,136.53161516862235,89.47867066126109,89.47867066126109
HGB-R2,100–199 (Mid Demand),1926,144.94911734164072,136.5613484448685,24.552675528702448,-8.387768896772206
HGB-R2,200–299 (Moderately High),1092,244.18772893772893,136.56116713137826,107.62656180635068,-107.62656180635068
HGB-R2,300–399 (High Demand),572,341.46153846153845,136.58014513697574,204.88139332456274,-204.88139332456274
HGB-R2,400+ (Peak Demand),178,430.0056179775281,136.75020444615382,293.25541353137424,-293.25541353137424
HGB-POISSON-E1-R1,0–99 (Low Demand),3532,47.05294450736127,136.6002461164562,89.54730160909493,89.54730160909493
HGB-POISSON-E1-R1,100–199 (Mid Demand),1926,144.94911734164072,136.61696414043422,24.51174376570897,-8.332153201206484
HGB-POISSON-E1-R1,200–299 (Moderately High),1092,244.18772893772893,136.65112640852757,107.53660252920137,-107.53660252920137
HGB-POISSON-E1-R1,300–399 (High Demand),572,341.46153846153845,136.6359629619428,204.8255754995957,-204.8255754995957
HGB-POISSON-E1-R1,400+ (Peak Demand),178,430.0056179775281,136.80670317600107,293.19891480152705,-293.19891480152705
HGB-L1-E1-R2,0–99 (Low Demand),3532,47.05294450736127,107.99673645422702,60.943791946865744,60.943791946865744
HGB-L1-E1-R2,100–199 (Mid Demand),1926,144.94911734164072,107.95363269950771,37.95256920827235,-36.99548464213299
HGB-L1-E1-R2,200–299 (Moderately High),1092,244.18772893772893,107.97727840563957,136.2104505320894,-136.2104505320894
HGB-L1-E1-R2,300–399 (High Demand),572,341.46153846153845,107.9729906219495,233.48854783958896,-233.48854783958896
HGB-L1-E1-R2,400+ (Peak Demand),178,430.0056179775281,107.95642987297484,322.04918810455325,-322.04918810455325
HGB-L1-E0-R0,0–99 (Low Demand),3532,47.05294450736127,108.12892459874983,61.07604511509256,61.075980091388544
HGB-L1-E0-R0,100–199 (Mid Demand),1926,144.94911734164072,108.10657102413825,37.94333457815144,-36.84254631750246
HGB-L1-E0-R0,200–299 (Moderately High),1092,244.18772893772893,108.05827382053837,136.12945511719056,-136.12945511719056
HGB-L1-E0-R0,300–399 (High Demand),572,341.46153846153845,108.07330192657314,233.38823653496533,-233.38823653496533
HGB-L1-E0-R0,400+ (Peak Demand),178,430.0056179775281,108.2221912277186,321.7834267498095,-321.7834267498095
