Experiment_ID,Category_Group,Feature_Set,Num_Features,Model,Objective,Regularization,Fitted_Iterations,Fit_Time_Sec,Validation_MAE,Validation_RMSE,Validation_WAPE,Validation_R2,Prediction_Mean,Prediction_Median,Prediction_Std,Std_Ratio,Prediction_Correlation,Prediction_Bias,Prediction_Min,Prediction_Max,Negative_Predictions,dMAE_vs_Mean,dWAPE_vs_Mean,dRMSE_vs_Mean,dR2_vs_Mean
REF-MEAN,Baseline Reference,None (Train Target Mean),0,Mean Baseline,squared_error (L2),Constant Mean (mu=136.6098),1,0.0,89.08983384615385,108.69437155789913,66.10159919795777,-0.0002843666499330322,136.6097948717948,136.60979487179486,5.684731264571246e-14,5.230399666308956e-16,0.0,1.8326715841236285,136.60979487179486,136.60979487179486,0,0.0,0.0,0.0,0.0
E0-RIDGE,12B: Entity Feature Experiment,E0 (Locked 33),33,Ridge Regression,squared_error (L2),alpha=1.0,1,0.366,89.09537996301852,108.71081988194162,66.10571422633157,-0.0005871283485914258,136.54742189945466,136.49240585029247,3.1076730616881814,0.02859303525243622,0.008669473703682404,1.770298611783426,121.85065986569734,151.3322829509135,0,0.005546116864664441,0.004115028373803398,0.01644832404248575,-0.00030276169865839364
E1-RIDGE,12B: Entity Feature Experiment,E1 (Locked 33 + 3 Entity = 36),36,Ridge Regression,squared_error (L2),alpha=1.0,1,0.306,89.11144206566516,108.71004978103875,66.11763175525253,-0.00057295220085396,136.63005536774835,136.56950862514066,3.1233757798436916,0.02873751260409678,0.00945769532913319,1.8529320800771276,122.64905505370622,151.38344789041602,0,0.021608219511307425,0.01603255729476416,0.01567822313961642,-0.00028858555092092786
E0-HGB-R0,12B: Entity Feature Experiment,E0 (Locked 33),33,HistGradientBoostingRegressor,squared_error (L2),"R0 Baseline (lr=0.1, leaves=31, min_leaf=20, l2=0.0)",11,0.404,89.13539980700565,108.73661158183505,66.13540757711019,-0.001061964327259357,136.85585168445363,136.34624252501882,3.328037776703715,0.030620563869429594,0.003943528413529578,2.0787283967824104,121.39751806520454,169.60730458323226,0,0.04556596085180331,0.03380837915241841,0.04224002393591775,-0.0007775976773263249
E1-HGB-R0,12B & 12C: Entity + Baseline Reg (HGB-R0),E1 (Locked 33 + 3 Entity = 36),36,HistGradientBoostingRegressor,squared_error (L2),"R0 Baseline (lr=0.1, leaves=31, min_leaf=20, l2=0.0)",11,0.443,89.11074691755603,108.7173946827208,66.11711597921266,-0.0007081624825637789,136.70939744943618,136.13959517564572,3.294157755560022,0.030308841040262793,0.008686898353306247,1.9322741617649677,120.79057704473388,175.31596587063433,0,0.020913071402176797,0.015516781254888201,0.023023124821662577,-0.0004237958326307467
HGB-R1,12C: Controlled Tree Regularization,E1 (Locked 33 + 3 Entity = 36),36,HistGradientBoostingRegressor,squared_error (L2),"R1 Moderate (lr=0.05, leaves=15, min_leaf=30, l2=1.0)",10,0.407,89.06901392347457,108.67452931450892,66.08615152985845,8.080541839794453e-05,136.58223828255808,136.33844689934037,1.5886608648669438,0.014616928876241025,0.019509547257602185,1.8051149948868512,131.3994052088939,157.38218141514582,0,-0.020819922679280012,-0.01544766809931275,-0.01984224339021523,0.0003651720683309767
HGB-R2,12C: Controlled Tree Regularization,E1 (Locked 33 + 3 Entity = 36),36,HistGradientBoostingRegressor,squared_error (L2),"R2 Stronger (lr=0.05, leaves=15, min_leaf=60, l2=5.0)",10,0.357,89.074923825565,108.67685438820533,66.09053647438485,3.8018746989387786e-05,136.55301312296186,136.3458267753811,1.4598803975412509,0.013432047336588829,0.018070855755898566,1.7758898352906156,131.63993676249464,148.33592966849184,0,-0.014910020588857265,-0.011062723572919708,-0.01751716969380368,0.00032238539692241996
RF-R1-REG,12C: Controlled Tree Regularization,E1 (Locked 33 + 3 Entity = 36),36,RandomForestRegressor,squared_error (L2),"Depth-Constrained RF (max_depth=6, min_samples_leaf=50)",200,12.327,89.07028711459712,108.68444764323807,66.08709619397615,-0.0001017208811004977,136.49115223985348,136.38845734955007,1.9761244127236433,0.01818189811946068,0.013133957784813109,1.7140289521822372,127.80927895596903,153.7573368597071,0,-0.019546731556729924,-0.014503003981616303,-0.009923914661058575,0.00018264576883253447
HGB-L1-E0-R0,12D: Alternative Loss Objective (L1),E0 (Locked 33),33,HistGradientBoostingRegressor,absolute_error (L1),"R0 Baseline (lr=0.1, leaves=31, min_leaf=20, l2=0.0)",10,0.332,86.05867671115959,111.95378308414264,63.85258463149868,-0.06117477213409139,108.11037414079948,107.83222560120001,3.179334661925537,0.02925237831110392,-0.0019095773100695987,-26.666749146871748,92.08240788870002,139.1092001387,0,-3.0311571349942596,-2.2490145664590884,3.259411526243511,-0.06089040548415836
HGB-L1-E1-R0,12D: Alternative Loss Objective (L1),E1 (Locked 33 + 3 Entity = 36),36,HistGradientBoostingRegressor,absolute_error (L1),"R0 Baseline (lr=0.1, leaves=31, min_leaf=20, l2=0.0)",10,0.462,86.08013517081574,111.99925903498318,63.86850607212057,-0.06203705175871699,108.03180052552328,108.06854586469998,3.161650014961352,0.029089665656318046,-0.010797084577014433,-26.745322762147953,89.52240549470001,154.55963299470002,0,-3.0096986753381145,-2.2330931258372004,3.3048874770840513,-0.061752685108783956
HGB-L1-E1-R1,12D: Alternative Loss Objective (L1),E1 (Locked 33 + 3 Entity = 36),36,HistGradientBoostingRegressor,absolute_error (L1),"R1 Moderate (lr=0.05, leaves=15, min_leaf=30, l2=1.0)",24,0.461,86.02591981420545,111.95797055309703,63.82828013815806,-0.06125415702658832,107.94772221345507,107.84157255444043,2.0814213923382794,0.019150713110720027,0.0014789182774526692,-26.82940107421616,90.96327382367366,125.50633143848555,0,-3.0639140319484,-2.273319059799711,3.2635989951978956,-0.060969790376655286
HGB-L1-E1-R2,12D: Alternative Loss Objective (L1),E1 (Locked 33 + 3 Entity = 36),36,HistGradientBoostingRegressor,absolute_error (L1),"R2 Stronger (lr=0.05, leaves=15, min_leaf=60, l2=5.0)",10,0.416,86.02358058621361,111.95418450772401,63.82654451126917,-0.06118238208400917,107.97960998735407,107.84833196629911,1.3542057383734876,0.01245975739652942,-0.009144128258108742,-26.79751330031716,100.80981339247099,121.14121998973661,0,-3.0662532599402397,-2.2750546866885983,3.2598129498248767,-0.060898015434076136
HGB-POISSON-E1-R1,12D: Alternative Loss Objective (Poisson),E1 (Locked 33 + 3 Entity = 36),36,HistGradientBoostingRegressor,poisson,"R1 Moderate (lr=0.05, leaves=15, min_leaf=30, l2=1.0)",10,0.401,89.07812243265853,108.6748275366252,66.09290973107375,7.531750086364752e-05,136.62010085417413,136.3936744874254,1.4129696216708003,0.013000431319859488,0.020457114161195725,1.8429775665028965,131.876888196963,154.42163686322635,0,-0.011711413495319789,-0.008689466884021613,-0.019544021273929957,0.0003596841507966797
HGB-POISSON-E1-R2,12D: Alternative Loss Objective (Poisson),E1 (Locked 33 + 3 Entity = 36),36,HistGradientBoostingRegressor,poisson,"R2 Stronger (lr=0.05, leaves=15, min_leaf=60, l2=5.0)",10,0.4,89.09053850064456,108.67718430910122,66.10212202740652,3.194737410439075e-05,136.63027094069673,136.4370424496988,1.5137387458046687,0.01392758648114007,0.018548853741962284,1.8531476530255184,131.615634965614,149.10841212220944,0,0.0007046544907041152,0.0005228294487551466,-0.017187248797910115,0.0003163140240374229
